{"v":"5.6.6","fr":30,"ip":0,"op":180,"w":2048,"h":2048,"nm":"atomic_swaps","ddd":0,"assets":[],"layers":[{"ddd":0,"ind":1,"ty":4,"nm":"Shape Layer 2","parent":15,"sr":1,"ks":{"o":{"a":0,"k":100,"ix":11},"r":{"a":0,"k":-180,"ix":10},"p":{"a":0,"k":[-396.5,3.002,0],"ix":2},"a":{"a":0,"k":[-387.5,-3.002,0],"ix":1},"s":{"a":0,"k":[-100,-100,100],"ix":6}},"ao":0,"shapes":[{"ty":"gr","it":[{"ind":0,"ty":"sh","ix":1,"ks":{"a":0,"k":{"i":[[0,0],[-117.25,-0.008]],"o":[[117.25,-0.003],[0,0]],"v":[[-622,-3],[-153,-3]],"c":false},"ix":2},"nm":"Path 1","mn":"ADBE Vector Shape - Group","hd":false},{"ty":"st","c":{"a":0,"k":[0.43137255311,0.827450990677,0.952941179276,1],"ix":3},"o":{"a":0,"k":100,"ix":4},"w":{"a":0,"k":38,"ix":5},"lc":1,"lj":1,"ml":4,"bm":0,"nm":"Stroke 1","mn":"ADBE Vector Graphic - Stroke","hd":false},{"ty":"tr","p":{"a":0,"k":[0,0],"ix":2},"a":{"a":0,"k":[0,0],"ix":1},"s":{"a":0,"k":[100,100],"ix":3},"r":{"a":0,"k":0,"ix":6},"o":{"a":0,"k":100,"ix":7},"sk":{"a":0,"k":0,"ix":4},"sa":{"a":0,"k":0,"ix":5},"nm":"Transform"}],"nm":"Shape 1","np":2,"cix":2,"bm":0,"ix":1,"mn":"ADBE Vector Group","hd":false},{"ty":"tm","s":{"a":1,"k":[{"i":{"x":[0.24],"y":[1]},"o":{"x":[0.76],"y":[0]},"t":0,"s":[0]},{"i":{"x":[0.24],"y":[1]},"o":{"x":[0.76],"y":[0]},"t":40,"s":[0]},{"i":{"x":[0.24],"y":[1]},"o":{"x":[0.76],"y":[0]},"t":60,"s":[50]},{"i":{"x":[0.24],"y":[1]},"o":{"x":[0.76],"y":[0]},"t":70,"s":[0]},{"i":{"x":[0.24],"y":[1]},"o":{"x":[0.76],"y":[0]},"t":90,"s":[0]},{"i":{"x":[0.24],"y":[1]},"o":{"x":[0.76],"y":[0]},"t":130,"s":[0]},{"i":{"x":[0.24],"y":[1]},"o":{"x":[0.76],"y":[0]},"t":150,"s":[50]},{"i":{"x":[0.24],"y":[1]},"o":{"x":[0.76],"y":[0]},"t":160,"s":[0]},{"t":180,"s":[0]}],"ix":1},"e":{"a":1,"k":[{"i":{"x":[0.24],"y":[1]},"o":{"x":[0.76],"y":[0]},"t":0,"s":[100]},{"i":{"x":[0.24],"y":[1]},"o":{"x":[0.76],"y":[0]},"t":40,"s":[100]},{"i":{"x":[0.24],"y":[1]},"o":{"x":[0.76],"y":[0]},"t":60,"s":[50]},{"i":{"x":[0.24],"y":[1]},"o":{"x":[0.76],"y":[0]},"t":70,"s":[0]},{"i":{"x":[0.24],"y":[1]},"o":{"x":[0.76],"y":[0]},"t":90,"s":[100]},{"i":{"x":[0.24],"y":[1]},"o":{"x":[0.76],"y":[0]},"t":130,"s":[100]},{"i":{"x":[0.24],"y":[1]},"o":{"x":[0.76],"y":[0]},"t":150,"s":[50]},{"i":{"x":[0.24],"y":[1]},"o":{"x":[0.76],"y":[0]},"t":160,"s":[0]},{"t":180,"s":[100]}],"ix":2},"o":{"a":1,"k":[{"i":{"x":[0.24],"y":[1]},"o":{"x":[0.76],"y":[0]},"t":0,"s":[0]},{"t":179,"s":[180]}],"ix":3},"m":1,"ix":2,"nm":"Trim Paths 1","mn":"ADBE Vector Filter - Trim","hd":false}],"ip":0,"op":182,"st":0,"bm":0},{"ddd":0,"ind":2,"ty":4,"nm":"Shape Layer 1","parent":15,"sr":1,"ks":{"o":{"a":0,"k":100,"ix":11},"r":{"a":0,"k":-180,"ix":10},"p":{"a":0,"k":[387.5,3.002,0],"ix":2},"a":{"a":0,"k":[-387.5,-3.002,0],"ix":1},"s":{"a":0,"k":[100,100,100],"ix":6}},"ao":0,"shapes":[{"ty":"gr","it":[{"ind":0,"ty":"sh","ix":1,"ks":{"a":0,"k":{"i":[[0,0],[-117.25,-0.008]],"o":[[117.25,-0.003],[0,0]],"v":[[-622,-3],[-153,-3]],"c":false},"ix":2},"nm":"Path 1","mn":"ADBE Vector Shape - Group","hd":false},{"ty":"st","c":{"a":0,"k":[0.43137255311,0.827450990677,0.952941179276,1],"ix":3},"o":{"a":0,"k":100,"ix":4},"w":{"a":0,"k":38,"ix":5},"lc":1,"lj":1,"ml":4,"bm":0,"nm":"Stroke 1","mn":"ADBE Vector Graphic - Stroke","hd":false},{"ty":"tr","p":{"a":0,"k":[0,0],"ix":2},"a":{"a":0,"k":[0,0],"ix":1},"s":{"a":0,"k":[100,100],"ix":3},"r":{"a":0,"k":0,"ix":6},"o":{"a":0,"k":100,"ix":7},"sk":{"a":0,"k":0,"ix":4},"sa":{"a":0,"k":0,"ix":5},"nm":"Transform"}],"nm":"Shape 1","np":2,"cix":2,"bm":0,"ix":1,"mn":"ADBE Vector Group","hd":false},{"ty":"tm","s":{"a":1,"k":[{"i":{"x":[0.24],"y":[1]},"o":{"x":[0.76],"y":[0]},"t":0,"s":[0]},{"i":{"x":[0.24],"y":[1]},"o":{"x":[0.76],"y":[0]},"t":40,"s":[0]},{"i":{"x":[0.24],"y":[1]},"o":{"x":[0.76],"y":[0]},"t":60,"s":[50]},{"i":{"x":[0.24],"y":[1]},"o":{"x":[0.76],"y":[0]},"t":70,"s":[0]},{"i":{"x":[0.24],"y":[1]},"o":{"x":[0.76],"y":[0]},"t":90,"s":[0]},{"i":{"x":[0.24],"y":[1]},"o":{"x":[0.76],"y":[0]},"t":130,"s":[0]},{"i":{"x":[0.24],"y":[1]},"o":{"x":[0.76],"y":[0]},"t":150,"s":[50]},{"i":{"x":[0.24],"y":[1]},"o":{"x":[0.76],"y":[0]},"t":160,"s":[0]},{"t":180,"s":[0]}],"ix":1},"e":{"a":1,"k":[{"i":{"x":[0.24],"y":[1]},"o":{"x":[0.76],"y":[0]},"t":0,"s":[100]},{"i":{"x":[0.24],"y":[1]},"o":{"x":[0.76],"y":[0]},"t":40,"s":[100]},{"i":{"x":[0.24],"y":[1]},"o":{"x":[0.76],"y":[0]},"t":60,"s":[50]},{"i":{"x":[0.24],"y":[1]},"o":{"x":[0.76],"y":[0]},"t":70,"s":[0]},{"i":{"x":[0.24],"y":[1]},"o":{"x":[0.76],"y":[0]},"t":90,"s":[100]},{"i":{"x":[0.24],"y":[1]},"o":{"x":[0.76],"y":[0]},"t":130,"s":[100]},{"i":{"x":[0.24],"y":[1]},"o":{"x":[0.76],"y":[0]},"t":150,"s":[50]},{"i":{"x":[0.24],"y":[1]},"o":{"x":[0.76],"y":[0]},"t":160,"s":[0]},{"t":180,"s":[100]}],"ix":2},"o":{"a":1,"k":[{"i":{"x":[0.24],"y":[1]},"o":{"x":[0.76],"y":[0]},"t":0,"s":[0]},{"t":179,"s":[360]}],"ix":3},"m":1,"ix":2,"nm":"Trim Paths 1","mn":"ADBE Vector Filter - Trim","hd":false}],"ip":0,"op":183,"st":0,"bm":0},{"ddd":0,"ind":3,"ty":3,"nm":"centre 2","sr":1,"ks":{"o":{"a":0,"k":0,"ix":11},"r":{"a":0,"k":-87,"ix":10},"p":{"a":0,"k":[1024,1024,0],"ix":2},"a":{"a":0,"k":[0,0,0],"ix":1},"s":{"a":0,"k":[100,100,100],"ix":6}},"ao":0,"ip":0,"op":182,"st":2,"bm":0},{"ddd":0,"ind":4,"ty":3,"nm":"circle_track 3","parent":3,"sr":1,"ks":{"o":{"a":0,"k":0,"ix":11},"r":{"a":0,"k":0,"ix":10},"p":{"a":1,"k":[{"i":{"x":0.833,"y":0.833},"o":{"x":0.167,"y":0.167},"t":0,"s":[421.103,439.829,0],"to":[1.13,-0.831,0],"ti":[-2.208,1.725,0]},{"i":{"x":0.833,"y":0.833},"o":{"x":0.167,"y":0.167},"t":1,"s":[427.886,434.845,0],"to":[2.208,-1.725,0],"ti":[-1.839,2.059,0]},{"i":{"x":0.833,"y":0.833},"o":{"x":0.167,"y":0.167},"t":2,"s":[434.353,429.478,0],"to":[1.839,-2.059,0],"ti":[-1.487,2.352,0]},{"i":{"x":0.833,"y":0.833},"o":{"x":0.167,"y":0.167},"t":3,"s":[438.92,422.49,0],"to":[1.487,-2.352,0],"ti":[-1.417,2.395,0]},{"i":{"x":0.833,"y":0.833},"o":{"x":0.167,"y":0.167},"t":4,"s":[443.277,415.368,0],"to":[1.417,-2.395,0],"ti":[-1.343,2.437,0]},{"i":{"x":0.833,"y":0.833},"o":{"x":0.167,"y":0.167},"t":5,"s":[447.419,408.118,0],"to":[1.343,-2.437,0],"ti":[-1.268,2.477,0]},{"i":{"x":0.833,"y":0.833},"o":{"x":0.167,"y":0.167},"t":6,"s":[451.337,400.745,0],"to":[1.268,-2.477,0],"ti":[-1.191,2.515,0]},{"i":{"x":0.833,"y":0.833},"o":{"x":0.167,"y":0.167},"t":7,"s":[455.026,393.255,0],"to":[1.191,-2.515,0],"ti":[-1.113,2.551,0]},{"i":{"x":0.833,"y":0.833},"o":{"x":0.167,"y":0.167},"t":8,"s":[458.483,385.655,0],"to":[1.113,-2.551,0],"ti":[-1.033,2.584,0]},{"i":{"x":0.833,"y":0.833},"o":{"x":0.167,"y":0.167},"t":9,"s":[461.702,377.951,0],"to":[1.033,-2.584,0],"ti":[-0.952,2.615,0]},{"i":{"x":0.833,"y":0.833},"o":{"x":0.167,"y":0.167},"t":10,"s":[464.681,370.151,0],"to":[0.952,-2.615,0],"ti":[-0.871,2.643,0]},{"i":{"x":0.833,"y":0.833},"o":{"x":0.167,"y":0.167},"t":11,"s":[467.417,362.262,0],"to":[0.871,-2.643,0],"ti":[-0.79,2.669,0]},{"i":{"x":0.833,"y":0.833},"o":{"x":0.167,"y":0.167},"t":12,"s":[469.908,354.292,0],"to":[0.79,-2.669,0],"ti":[-0.708,2.691,0]},{"i":{"x":0.833,"y":0.833},"o":{"x":0.167,"y":0.167},"t":13,"s":[472.155,346.25,0],"to":[0.708,-2.691,0],"ti":[-0.627,2.711,0]},{"i":{"x":0.833,"y":0.833},"o":{"x":0.167,"y":0.167},"t":14,"s":[474.157,338.144,0],"to":[0.627,-2.711,0],"ti":[-0.546,2.728,0]},{"i":{"x":0.833,"y":0.833},"o":{"x":0.167,"y":0.167},"t":15,"s":[475.915,329.983,0],"to":[0.546,-2.728,0],"ti":[-0.466,2.743,0]},{"i":{"x":0.833,"y":0.833},"o":{"x":0.167,"y":0.167},"t":16,"s":[477.432,321.773,0],"to":[0.466,-2.743,0],"ti":[-0.387,2.756,0]},{"i":{"x":0.833,"y":0.833},"o":{"x":0.167,"y":0.167},"t":17,"s":[478.711,313.523,0],"to":[0.387,-2.756,0],"ti":[-0.309,2.766,0]},{"i":{"x":0.833,"y":0.833},"o":{"x":0.167,"y":0.167},"t":18,"s":[479.755,305.239,0],"to":[0.309,-2.766,0],"ti":[-0.233,2.774,0]},{"i":{"x":0.833,"y":0.833},"o":{"x":0.167,"y":0.167},"t":19,"s":[480.567,296.928,0],"to":[0.233,-2.774,0],"ti":[-0.158,2.779,0]},{"i":{"x":0.833,"y":0.833},"o":{"x":0.167,"y":0.167},"t":20,"s":[481.153,288.597,0],"to":[0.158,-2.779,0],"ti":[-0.085,2.782,0]},{"i":{"x":0.833,"y":0.833},"o":{"x":0.167,"y":0.167},"t":21,"s":[481.517,280.254,0],"to":[0.085,-2.782,0],"ti":[-0.014,2.783,0]},{"i":{"x":0.833,"y":0.833},"o":{"x":0.167,"y":0.167},"t":22,"s":[481.665,271.906,0],"to":[0.014,-2.783,0],"ti":[0.055,2.782,0]},{"i":{"x":0.833,"y":0.833},"o":{"x":0.167,"y":0.167},"t":23,"s":[481.602,263.558,0],"to":[-0.055,-2.782,0],"ti":[0.123,2.78,0]},{"i":{"x":0.833,"y":0.833},"o":{"x":0.167,"y":0.167},"t":24,"s":[481.334,255.215,0],"to":[-0.123,-2.78,0],"ti":[0.188,2.776,0]},{"i":{"x":0.833,"y":0.833},"o":{"x":0.167,"y":0.167},"t":25,"s":[480.867,246.88,0],"to":[-0.188,-2.776,0],"ti":[0.251,2.772,0]},{"i":{"x":0.833,"y":0.833},"o":{"x":0.167,"y":0.167},"t":26,"s":[480.207,238.557,0],"to":[-0.251,-2.772,0],"ti":[0.312,2.766,0]},{"i":{"x":0.833,"y":0.833},"o":{"x":0.167,"y":0.167},"t":27,"s":[479.36,230.249,0],"to":[-0.312,-2.766,0],"ti":[0.372,2.759,0]},{"i":{"x":0.833,"y":0.833},"o":{"x":0.167,"y":0.167},"t":28,"s":[478.332,221.962,0],"to":[-0.372,-2.759,0],"ti":[0.429,2.75,0]},{"i":{"x":0.833,"y":0.833},"o":{"x":0.167,"y":0.167},"t":29,"s":[477.129,213.697,0],"to":[-0.429,-2.75,0],"ti":[0.484,2.741,0]},{"i":{"x":0.833,"y":0.833},"o":{"x":0.167,"y":0.167},"t":30,"s":[475.757,205.459,0],"to":[-0.484,-2.741,0],"ti":[0.538,2.731,0]},{"i":{"x":0.833,"y":0.833},"o":{"x":0.167,"y":0.167},"t":31,"s":[474.223,197.251,0],"to":[-0.538,-2.731,0],"ti":[0.589,2.72,0]},{"i":{"x":0.833,"y":0.833},"o":{"x":0.167,"y":0.167},"t":32,"s":[472.531,189.075,0],"to":[-0.589,-2.72,0],"ti":[0.639,2.708,0]},{"i":{"x":0.833,"y":0.833},"o":{"x":0.167,"y":0.167},"t":33,"s":[470.688,180.933,0],"to":[-0.639,-2.708,0],"ti":[0.687,2.697,0]},{"i":{"x":0.833,"y":0.833},"o":{"x":0.167,"y":0.167},"t":34,"s":[468.698,172.824,0],"to":[-0.687,-2.697,0],"ti":[0.733,2.685,0]},{"i":{"x":0.833,"y":0.833},"o":{"x":0.167,"y":0.167},"t":35,"s":[466.568,164.752,0],"to":[-0.733,-2.685,0],"ti":[0.778,2.672,0]},{"i":{"x":0.833,"y":0.833},"o":{"x":0.167,"y":0.167},"t":36,"s":[464.3,156.715,0],"to":[-0.778,-2.672,0],"ti":[0.821,2.66,0]},{"i":{"x":0.833,"y":0.833},"o":{"x":0.167,"y":0.167},"t":37,"s":[461.902,148.717,0],"to":[-0.821,-2.66,0],"ti":[0.862,2.647,0]},{"i":{"x":0.833,"y":0.833},"o":{"x":0.167,"y":0.167},"t":38,"s":[459.376,140.757,0],"to":[-0.862,-2.647,0],"ti":[0.902,2.633,0]},{"i":{"x":0.833,"y":0.833},"o":{"x":0.167,"y":0.167},"t":39,"s":[456.729,132.837,0],"to":[-0.902,-2.633,0],"ti":[0.941,2.62,0]},{"i":{"x":0.833,"y":0.833},"o":{"x":0.167,"y":0.167},"t":40,"s":[453.964,124.958,0],"to":[-0.941,-2.62,0],"ti":[0.978,2.606,0]},{"i":{"x":0.833,"y":0.833},"o":{"x":0.167,"y":0.167},"t":41,"s":[451.085,117.12,0],"to":[-0.978,-2.606,0],"ti":[1.014,2.592,0]},{"i":{"x":0.833,"y":0.833},"o":{"x":0.167,"y":0.167},"t":42,"s":[448.096,109.324,0],"to":[-1.014,-2.592,0],"ti":[1.049,2.578,0]},{"i":{"x":0.833,"y":0.833},"o":{"x":0.167,"y":0.167},"t":43,"s":[445.001,101.57,0],"to":[-1.049,-2.578,0],"ti":[1.082,2.564,0]},{"i":{"x":0.833,"y":0.833},"o":{"x":0.167,"y":0.167},"t":44,"s":[441.804,93.857,0],"to":[-1.082,-2.564,0],"ti":[1.115,2.55,0]},{"i":{"x":0.833,"y":0.833},"o":{"x":0.167,"y":0.167},"t":45,"s":[438.508,86.186,0],"to":[-1.115,-2.55,0],"ti":[1.146,2.536,0]},{"i":{"x":0.833,"y":0.833},"o":{"x":0.167,"y":0.167},"t":46,"s":[435.116,78.557,0],"to":[-1.146,-2.536,0],"ti":[1.177,2.522,0]},{"i":{"x":0.833,"y":0.833},"o":{"x":0.167,"y":0.167},"t":47,"s":[431.63,70.969,0],"to":[-1.177,-2.522,0],"ti":[1.206,2.508,0]},{"i":{"x":0.833,"y":0.833},"o":{"x":0.167,"y":0.167},"t":48,"s":[428.055,63.423,0],"to":[-1.206,-2.508,0],"ti":[1.235,2.495,0]},{"i":{"x":0.833,"y":0.833},"o":{"x":0.167,"y":0.167},"t":49,"s":[424.393,55.919,0],"to":[-1.235,-2.495,0],"ti":[1.263,2.481,0]},{"i":{"x":0.833,"y":0.833},"o":{"x":0.167,"y":0.167},"t":50,"s":[420.646,48.456,0],"to":[-1.263,-2.481,0],"ti":[1.289,2.467,0]},{"i":{"x":0.833,"y":0.833},"o":{"x":0.167,"y":0.167},"t":51,"s":[416.818,41.034,0],"to":[-1.289,-2.467,0],"ti":[1.315,2.453,0]},{"i":{"x":0.833,"y":0.833},"o":{"x":0.167,"y":0.167},"t":52,"s":[412.91,33.655,0],"to":[-1.315,-2.453,0],"ti":[1.341,2.439,0]},{"i":{"x":0.833,"y":0.833},"o":{"x":0.167,"y":0.167},"t":53,"s":[408.925,26.317,0],"to":[-1.341,-2.439,0],"ti":[1.365,2.425,0]},{"i":{"x":0.833,"y":0.833},"o":{"x":0.167,"y":0.167},"t":54,"s":[404.866,19.02,0],"to":[-1.365,-2.425,0],"ti":[1.389,2.412,0]},{"i":{"x":0.833,"y":0.833},"o":{"x":0.167,"y":0.167},"t":55,"s":[400.734,11.765,0],"to":[-1.389,-2.412,0],"ti":[1.412,2.398,0]},{"i":{"x":0.833,"y":0.833},"o":{"x":0.167,"y":0.167},"t":56,"s":[396.532,4.551,0],"to":[-1.412,-2.398,0],"ti":[1.435,2.385,0]},{"i":{"x":0.833,"y":0.833},"o":{"x":0.167,"y":0.167},"t":57,"s":[392.26,-2.623,0],"to":[-1.435,-2.385,0],"ti":[1.457,2.371,0]},{"i":{"x":0.833,"y":0.833},"o":{"x":0.167,"y":0.167},"t":58,"s":[387.921,-9.757,0],"to":[-1.457,-2.371,0],"ti":[1.479,2.358,0]},{"i":{"x":0.833,"y":0.833},"o":{"x":0.167,"y":0.167},"t":59,"s":[383.517,-16.851,0],"to":[-1.479,-2.358,0],"ti":[1.5,2.345,0]},{"i":{"x":0.833,"y":0.833},"o":{"x":0.167,"y":0.167},"t":60,"s":[379.049,-23.905,0],"to":[-1.5,-2.345,0],"ti":[1.52,2.332,0]},{"i":{"x":0.833,"y":0.833},"o":{"x":0.167,"y":0.167},"t":61,"s":[374.519,-30.919,0],"to":[-1.52,-2.332,0],"ti":[1.54,2.318,0]},{"i":{"x":0.833,"y":0.833},"o":{"x":0.167,"y":0.167},"t":62,"s":[369.928,-37.894,0],"to":[-1.54,-2.318,0],"ti":[1.56,2.305,0]},{"i":{"x":0.833,"y":0.833},"o":{"x":0.167,"y":0.167},"t":63,"s":[365.277,-44.829,0],"to":[-1.56,-2.305,0],"ti":[1.579,2.292,0]},{"i":{"x":0.833,"y":0.833},"o":{"x":0.167,"y":0.167},"t":64,"s":[360.568,-51.725,0],"to":[-1.579,-2.292,0],"ti":[1.598,2.279,0]},{"i":{"x":0.833,"y":0.833},"o":{"x":0.167,"y":0.167},"t":65,"s":[355.803,-58.582,0],"to":[-1.598,-2.279,0],"ti":[1.616,2.266,0]},{"i":{"x":0.833,"y":0.833},"o":{"x":0.167,"y":0.167},"t":66,"s":[350.982,-65.399,0],"to":[-1.616,-2.266,0],"ti":[1.634,2.253,0]},{"i":{"x":0.833,"y":0.833},"o":{"x":0.167,"y":0.167},"t":67,"s":[346.106,-72.178,0],"to":[-1.634,-2.253,0],"ti":[1.652,2.24,0]},{"i":{"x":0.833,"y":0.833},"o":{"x":0.167,"y":0.167},"t":68,"s":[341.177,-78.917,0],"to":[-1.652,-2.24,0],"ti":[1.669,2.227,0]},{"i":{"x":0.833,"y":0.833},"o":{"x":0.167,"y":0.167},"t":69,"s":[336.196,-85.617,0],"to":[-1.669,-2.227,0],"ti":[1.686,2.214,0]},{"i":{"x":0.833,"y":0.833},"o":{"x":0.167,"y":0.167},"t":70,"s":[331.163,-92.279,0],"to":[-1.686,-2.214,0],"ti":[1.703,2.201,0]},{"i":{"x":0.833,"y":0.833},"o":{"x":0.167,"y":0.167},"t":71,"s":[326.079,-98.903,0],"to":[-1.703,-2.201,0],"ti":[1.72,2.189,0]},{"i":{"x":0.833,"y":0.833},"o":{"x":0.167,"y":0.167},"t":72,"s":[320.944,-105.488,0],"to":[-1.72,-2.189,0],"ti":[1.736,2.176,0]},{"i":{"x":0.833,"y":0.833},"o":{"x":0.167,"y":0.167},"t":73,"s":[315.761,-112.034,0],"to":[-1.736,-2.176,0],"ti":[1.752,2.163,0]},{"i":{"x":0.833,"y":0.833},"o":{"x":0.167,"y":0.167},"t":74,"s":[310.528,-118.542,0],"to":[-1.752,-2.163,0],"ti":[1.768,2.15,0]},{"i":{"x":0.833,"y":0.833},"o":{"x":0.167,"y":0.167},"t":75,"s":[305.248,-125.011,0],"to":[-1.768,-2.15,0],"ti":[1.784,2.137,0]},{"i":{"x":0.833,"y":0.833},"o":{"x":0.167,"y":0.167},"t":76,"s":[299.921,-131.441,0],"to":[-1.784,-2.137,0],"ti":[1.799,2.124,0]},{"i":{"x":0.833,"y":0.833},"o":{"x":0.167,"y":0.167},"t":77,"s":[294.547,-137.831,0],"to":[-1.799,-2.124,0],"ti":[1.814,2.11,0]},{"i":{"x":0.833,"y":0.833},"o":{"x":0.167,"y":0.167},"t":78,"s":[289.127,-144.182,0],"to":[-1.814,-2.11,0],"ti":[1.829,2.097,0]},{"i":{"x":0.833,"y":0.833},"o":{"x":0.167,"y":0.167},"t":79,"s":[283.661,-150.494,0],"to":[-1.829,-2.097,0],"ti":[1.845,2.084,0]},{"i":{"x":0.833,"y":0.833},"o":{"x":0.167,"y":0.167},"t":80,"s":[278.15,-156.765,0],"to":[-1.845,-2.084,0],"ti":[1.86,2.071,0]},{"i":{"x":0.833,"y":0.833},"o":{"x":0.167,"y":0.167},"t":81,"s":[272.593,-162.997,0],"to":[-1.86,-2.071,0],"ti":[1.875,2.057,0]},{"i":{"x":0.833,"y":0.833},"o":{"x":0.167,"y":0.167},"t":82,"s":[266.992,-169.189,0],"to":[-1.875,-2.057,0],"ti":[1.89,2.044,0]},{"i":{"x":0.833,"y":0.833},"o":{"x":0.167,"y":0.167},"t":83,"s":[261.345,-175.341,0],"to":[-1.89,-2.044,0],"ti":[1.905,2.03,0]},{"i":{"x":0.833,"y":0.833},"o":{"x":0.167,"y":0.167},"t":84,"s":[255.653,-181.451,0],"to":[-1.905,-2.03,0],"ti":[1.919,2.016,0]},{"i":{"x":0.833,"y":0.833},"o":{"x":0.167,"y":0.167},"t":85,"s":[249.917,-187.52,0],"to":[-1.919,-2.016,0],"ti":[1.934,2.002,0]},{"i":{"x":0.833,"y":0.833},"o":{"x":0.167,"y":0.167},"t":86,"s":[244.137,-193.547,0],"to":[-1.934,-2.002,0],"ti":[1.949,1.987,0]},{"i":{"x":0.833,"y":0.833},"o":{"x":0.167,"y":0.167},"t":87,"s":[238.313,-199.53,0],"to":[-1.949,-1.987,0],"ti":[1.964,1.972,0]},{"i":{"x":0.833,"y":0.833},"o":{"x":0.167,"y":0.167},"t":88,"s":[232.444,-205.469,0],"to":[-1.964,-1.972,0],"ti":[1.974,1.953,0]},{"i":{"x":0.833,"y":0.833},"o":{"x":0.167,"y":0.167},"t":89,"s":[226.53,-211.364,0],"to":[-1.974,-1.953,0],"ti":[1.94,1.894,0]},{"i":{"x":0.833,"y":0.833},"o":{"x":0.167,"y":0.167},"t":90,"s":[220.6,-217.186,0],"to":[-1.94,-1.894,0],"ti":[1.907,1.841,0]},{"i":{"x":0.833,"y":0.833},"o":{"x":0.167,"y":0.167},"t":91,"s":[214.891,-222.725,0],"to":[-1.907,-1.841,0],"ti":[1.915,1.832,0]},{"i":{"x":0.833,"y":0.833},"o":{"x":0.167,"y":0.167},"t":92,"s":[209.159,-228.234,0],"to":[-1.915,-1.832,0],"ti":[1.925,1.824,0]},{"i":{"x":0.833,"y":0.833},"o":{"x":0.167,"y":0.167},"t":93,"s":[203.398,-233.719,0],"to":[-1.925,-1.824,0],"ti":[1.934,1.814,0]},{"i":{"x":0.833,"y":0.833},"o":{"x":0.167,"y":0.167},"t":94,"s":[197.61,-239.175,0],"to":[-1.934,-1.814,0],"ti":[1.943,1.804,0]},{"i":{"x":0.833,"y":0.833},"o":{"x":0.167,"y":0.167},"t":95,"s":[191.796,-244.603,0],"to":[-1.943,-1.804,0],"ti":[1.952,1.795,0]},{"i":{"x":0.833,"y":0.833},"o":{"x":0.167,"y":0.167},"t":96,"s":[185.954,-250.002,0],"to":[-1.952,-1.795,0],"ti":[1.961,1.785,0]},{"i":{"x":0.833,"y":0.833},"o":{"x":0.167,"y":0.167},"t":97,"s":[180.085,-255.371,0],"to":[-1.961,-1.785,0],"ti":[1.97,1.774,0]},{"i":{"x":0.833,"y":0.833},"o":{"x":0.167,"y":0.167},"t":98,"s":[174.188,-260.709,0],"to":[-1.97,-1.774,0],"ti":[1.98,1.764,0]},{"i":{"x":0.833,"y":0.833},"o":{"x":0.167,"y":0.167},"t":99,"s":[168.262,-266.017,0],"to":[-1.98,-1.764,0],"ti":[1.989,1.753,0]},{"i":{"x":0.833,"y":0.833},"o":{"x":0.167,"y":0.167},"t":100,"s":[162.309,-271.292,0],"to":[-1.989,-1.753,0],"ti":[1.999,1.742,0]},{"i":{"x":0.833,"y":0.833},"o":{"x":0.167,"y":0.167},"t":101,"s":[156.326,-276.535,0],"to":[-1.999,-1.742,0],"ti":[2.009,1.731,0]},{"i":{"x":0.833,"y":0.833},"o":{"x":0.167,"y":0.167},"t":102,"s":[150.315,-281.744,0],"to":[-2.009,-1.731,0],"ti":[2.018,1.719,0]},{"i":{"x":0.833,"y":0.833},"o":{"x":0.167,"y":0.167},"t":103,"s":[144.275,-286.919,0],"to":[-2.018,-1.719,0],"ti":[2.028,1.708,0]},{"i":{"x":0.833,"y":0.833},"o":{"x":0.167,"y":0.167},"t":104,"s":[138.205,-292.06,0],"to":[-2.028,-1.708,0],"ti":[2.038,1.696,0]},{"i":{"x":0.833,"y":0.833},"o":{"x":0.167,"y":0.167},"t":105,"s":[132.104,-297.165,0],"to":[-2.038,-1.696,0],"ti":[2.049,1.683,0]},{"i":{"x":0.833,"y":0.833},"o":{"x":0.167,"y":0.167},"t":106,"s":[125.974,-302.233,0],"to":[-2.049,-1.683,0],"ti":[2.059,1.671,0]},{"i":{"x":0.833,"y":0.833},"o":{"x":0.167,"y":0.167},"t":107,"s":[119.813,-307.265,0],"to":[-2.059,-1.671,0],"ti":[2.069,1.658,0]},{"i":{"x":0.833,"y":0.833},"o":{"x":0.167,"y":0.167},"t":108,"s":[113.62,-312.258,0],"to":[-2.069,-1.658,0],"ti":[2.08,1.645,0]},{"i":{"x":0.833,"y":0.833},"o":{"x":0.167,"y":0.167},"t":109,"s":[107.397,-317.212,0],"to":[-2.08,-1.645,0],"ti":[2.09,1.631,0]},{"i":{"x":0.833,"y":0.833},"o":{"x":0.167,"y":0.167},"t":110,"s":[101.142,-322.126,0],"to":[-2.09,-1.631,0],"ti":[2.101,1.617,0]},{"i":{"x":0.833,"y":0.833},"o":{"x":0.167,"y":0.167},"t":111,"s":[94.855,-327,0],"to":[-2.101,-1.617,0],"ti":[2.112,1.603,0]},{"i":{"x":0.833,"y":0.833},"o":{"x":0.167,"y":0.167},"t":112,"s":[88.536,-331.831,0],"to":[-2.112,-1.603,0],"ti":[2.123,1.589,0]},{"i":{"x":0.833,"y":0.833},"o":{"x":0.167,"y":0.167},"t":113,"s":[82.184,-336.619,0],"to":[-2.123,-1.589,0],"ti":[2.134,1.574,0]},{"i":{"x":0.833,"y":0.833},"o":{"x":0.167,"y":0.167},"t":114,"s":[75.799,-341.363,0],"to":[-2.134,-1.574,0],"ti":[2.145,1.559,0]},{"i":{"x":0.833,"y":0.833},"o":{"x":0.167,"y":0.167},"t":115,"s":[69.381,-346.063,0],"to":[-2.145,-1.559,0],"ti":[2.156,1.543,0]},{"i":{"x":0.833,"y":0.833},"o":{"x":0.167,"y":0.167},"t":116,"s":[62.93,-350.716,0],"to":[-2.156,-1.543,0],"ti":[2.168,1.527,0]},{"i":{"x":0.833,"y":0.833},"o":{"x":0.167,"y":0.167},"t":117,"s":[56.444,-355.322,0],"to":[-2.168,-1.527,0],"ti":[2.179,1.511,0]},{"i":{"x":0.833,"y":0.833},"o":{"x":0.167,"y":0.167},"t":118,"s":[49.925,-359.879,0],"to":[-2.179,-1.511,0],"ti":[2.19,1.494,0]},{"i":{"x":0.833,"y":0.833},"o":{"x":0.167,"y":0.167},"t":119,"s":[43.371,-364.387,0],"to":[-2.19,-1.494,0],"ti":[2.202,1.477,0]},{"i":{"x":0.833,"y":0.833},"o":{"x":0.167,"y":0.167},"t":120,"s":[36.782,-368.843,0],"to":[-2.202,-1.477,0],"ti":[2.214,1.459,0]},{"i":{"x":0.833,"y":0.833},"o":{"x":0.167,"y":0.167},"t":121,"s":[30.158,-373.247,0],"to":[-2.214,-1.459,0],"ti":[2.226,1.441,0]},{"i":{"x":0.833,"y":0.833},"o":{"x":0.167,"y":0.167},"t":122,"s":[23.498,-377.597,0],"to":[-2.226,-1.441,0],"ti":[2.238,1.422,0]},{"i":{"x":0.833,"y":0.833},"o":{"x":0.167,"y":0.167},"t":123,"s":[16.803,-381.893,0],"to":[-2.238,-1.422,0],"ti":[2.25,1.403,0]},{"i":{"x":0.833,"y":0.833},"o":{"x":0.167,"y":0.167},"t":124,"s":[10.072,-386.131,0],"to":[-2.25,-1.403,0],"ti":[2.262,1.384,0]},{"i":{"x":0.833,"y":0.833},"o":{"x":0.167,"y":0.167},"t":125,"s":[3.304,-390.312,0],"to":[-2.262,-1.384,0],"ti":[2.274,1.363,0]},{"i":{"x":0.833,"y":0.833},"o":{"x":0.167,"y":0.167},"t":126,"s":[-3.499,-394.432,0],"to":[-2.274,-1.363,0],"ti":[2.286,1.343,0]},{"i":{"x":0.833,"y":0.833},"o":{"x":0.167,"y":0.167},"t":127,"s":[-10.34,-398.492,0],"to":[-2.286,-1.343,0],"ti":[2.299,1.321,0]},{"i":{"x":0.833,"y":0.833},"o":{"x":0.167,"y":0.167},"t":128,"s":[-17.218,-402.489,0],"to":[-2.299,-1.321,0],"ti":[2.311,1.3,0]},{"i":{"x":0.833,"y":0.833},"o":{"x":0.167,"y":0.167},"t":129,"s":[-24.132,-406.421,0],"to":[-2.311,-1.3,0],"ti":[2.324,1.277,0]},{"i":{"x":0.833,"y":0.833},"o":{"x":0.167,"y":0.167},"t":130,"s":[-31.084,-410.286,0],"to":[-2.324,-1.277,0],"ti":[2.336,1.254,0]},{"i":{"x":0.833,"y":0.833},"o":{"x":0.167,"y":0.167},"t":131,"s":[-38.074,-414.083,0],"to":[-2.336,-1.254,0],"ti":[2.349,1.23,0]},{"i":{"x":0.833,"y":0.833},"o":{"x":0.167,"y":0.167},"t":132,"s":[-45.101,-417.81,0],"to":[-2.349,-1.23,0],"ti":[2.361,1.206,0]},{"i":{"x":0.833,"y":0.833},"o":{"x":0.167,"y":0.167},"t":133,"s":[-52.166,-421.465,0],"to":[-2.361,-1.206,0],"ti":[2.374,1.181,0]},{"i":{"x":0.833,"y":0.833},"o":{"x":0.167,"y":0.167},"t":134,"s":[-59.269,-425.046,0],"to":[-2.374,-1.181,0],"ti":[2.387,1.155,0]},{"i":{"x":0.833,"y":0.833},"o":{"x":0.167,"y":0.167},"t":135,"s":[-66.41,-428.551,0],"to":[-2.387,-1.155,0],"ti":[2.399,1.129,0]},{"i":{"x":0.833,"y":0.833},"o":{"x":0.167,"y":0.167},"t":136,"s":[-73.588,-431.977,0],"to":[-2.399,-1.129,0],"ti":[2.412,1.101,0]},{"i":{"x":0.833,"y":0.833},"o":{"x":0.167,"y":0.167},"t":137,"s":[-80.805,-435.323,0],"to":[-2.412,-1.101,0],"ti":[2.425,1.073,0]},{"i":{"x":0.833,"y":0.833},"o":{"x":0.167,"y":0.167},"t":138,"s":[-88.06,-438.586,0],"to":[-2.425,-1.073,0],"ti":[2.437,1.045,0]},{"i":{"x":0.833,"y":0.833},"o":{"x":0.167,"y":0.167},"t":139,"s":[-95.352,-441.763,0],"to":[-2.437,-1.045,0],"ti":[2.45,1.015,0]},{"i":{"x":0.833,"y":0.833},"o":{"x":0.167,"y":0.167},"t":140,"s":[-102.682,-444.853,0],"to":[-2.45,-1.015,0],"ti":[2.462,0.984,0]},{"i":{"x":0.833,"y":0.833},"o":{"x":0.167,"y":0.167},"t":141,"s":[-110.05,-447.853,0],"to":[-2.462,-0.984,0],"ti":[2.474,0.953,0]},{"i":{"x":0.833,"y":0.833},"o":{"x":0.167,"y":0.167},"t":142,"s":[-117.454,-450.76,0],"to":[-2.474,-0.953,0],"ti":[2.486,0.921,0]},{"i":{"x":0.833,"y":0.833},"o":{"x":0.167,"y":0.167},"t":143,"s":[-124.896,-453.571,0],"to":[-2.486,-0.921,0],"ti":[2.499,0.887,0]},{"i":{"x":0.833,"y":0.833},"o":{"x":0.167,"y":0.167},"t":144,"s":[-132.373,-456.284,0],"to":[-2.499,-0.887,0],"ti":[2.51,0.853,0]},{"i":{"x":0.833,"y":0.833},"o":{"x":0.167,"y":0.167},"t":145,"s":[-139.887,-458.896,0],"to":[-2.51,-0.853,0],"ti":[2.522,0.818,0]},{"i":{"x":0.833,"y":0.833},"o":{"x":0.167,"y":0.167},"t":146,"s":[-147.435,-461.403,0],"to":[-2.522,-0.818,0],"ti":[2.533,0.782,0]},{"i":{"x":0.833,"y":0.833},"o":{"x":0.167,"y":0.167},"t":147,"s":[-155.019,-463.804,0],"to":[-2.533,-0.782,0],"ti":[2.545,0.745,0]},{"i":{"x":0.833,"y":0.833},"o":{"x":0.167,"y":0.167},"t":148,"s":[-162.636,-466.094,0],"to":[-2.545,-0.745,0],"ti":[2.556,0.706,0]},{"i":{"x":0.833,"y":0.833},"o":{"x":0.167,"y":0.167},"t":149,"s":[-170.287,-468.272,0],"to":[-2.556,-0.706,0],"ti":[2.566,0.667,0]},{"i":{"x":0.833,"y":0.833},"o":{"x":0.167,"y":0.167},"t":150,"s":[-177.969,-470.332,0],"to":[-2.566,-0.667,0],"ti":[2.576,0.626,0]},{"i":{"x":0.833,"y":0.833},"o":{"x":0.167,"y":0.167},"t":151,"s":[-185.683,-472.273,0],"to":[-2.576,-0.626,0],"ti":[2.586,0.585,0]},{"i":{"x":0.833,"y":0.833},"o":{"x":0.167,"y":0.167},"t":152,"s":[-193.427,-474.09,0],"to":[-2.586,-0.585,0],"ti":[2.595,0.542,0]},{"i":{"x":0.833,"y":0.833},"o":{"x":0.167,"y":0.167},"t":153,"s":[-201.199,-475.78,0],"to":[-2.595,-0.542,0],"ti":[2.604,0.498,0]},{"i":{"x":0.833,"y":0.833},"o":{"x":0.167,"y":0.167},"t":154,"s":[-208.999,-477.34,0],"to":[-2.604,-0.498,0],"ti":[2.612,0.452,0]},{"i":{"x":0.833,"y":0.833},"o":{"x":0.167,"y":0.167},"t":155,"s":[-216.824,-478.766,0],"to":[-2.612,-0.452,0],"ti":[2.62,0.406,0]},{"i":{"x":0.833,"y":0.833},"o":{"x":0.167,"y":0.167},"t":156,"s":[-224.673,-480.054,0],"to":[-2.62,-0.406,0],"ti":[2.627,0.358,0]},{"i":{"x":0.833,"y":0.833},"o":{"x":0.167,"y":0.167},"t":157,"s":[-232.544,-481.2,0],"to":[-2.627,-0.358,0],"ti":[2.633,0.309,0]},{"i":{"x":0.833,"y":0.833},"o":{"x":0.167,"y":0.167},"t":158,"s":[-240.435,-482.201,0],"to":[-2.633,-0.309,0],"ti":[2.639,0.258,0]},{"i":{"x":0.833,"y":0.833},"o":{"x":0.167,"y":0.167},"t":159,"s":[-248.345,-483.052,0],"to":[-2.639,-0.258,0],"ti":[2.644,0.206,0]},{"i":{"x":0.833,"y":0.833},"o":{"x":0.167,"y":0.167},"t":160,"s":[-256.269,-483.75,0],"to":[-2.644,-0.206,0],"ti":[2.647,0.153,0]},{"i":{"x":0.833,"y":0.833},"o":{"x":0.167,"y":0.167},"t":161,"s":[-264.206,-484.29,0],"to":[-2.647,-0.153,0],"ti":[2.649,0.098,0]},{"i":{"x":0.833,"y":0.833},"o":{"x":0.167,"y":0.167},"t":162,"s":[-272.151,-484.668,0],"to":[-2.649,-0.098,0],"ti":[2.651,0.042,0]},{"i":{"x":0.833,"y":0.833},"o":{"x":0.167,"y":0.167},"t":163,"s":[-280.102,-484.88,0],"to":[-2.651,-0.042,0],"ti":[2.651,-0.016,0]},{"i":{"x":0.833,"y":0.833},"o":{"x":0.167,"y":0.167},"t":164,"s":[-288.056,-484.921,0],"to":[-2.651,0.016,0],"ti":[2.65,-0.075,0]},{"i":{"x":0.833,"y":0.833},"o":{"x":0.167,"y":0.167},"t":165,"s":[-296.008,-484.786,0],"to":[-2.65,0.075,0],"ti":[2.648,-0.135,0]},{"i":{"x":0.833,"y":0.833},"o":{"x":0.167,"y":0.167},"t":166,"s":[-303.956,-484.473,0],"to":[-2.648,0.135,0],"ti":[2.644,-0.198,0]},{"i":{"x":0.833,"y":0.833},"o":{"x":0.167,"y":0.167},"t":167,"s":[-311.896,-483.974,0],"to":[-2.644,0.198,0],"ti":[2.638,-0.262,0]},{"i":{"x":0.833,"y":0.833},"o":{"x":0.167,"y":0.167},"t":168,"s":[-319.822,-483.286,0],"to":[-2.638,0.262,0],"ti":[2.631,-0.327,0]},{"i":{"x":0.833,"y":0.833},"o":{"x":0.167,"y":0.167},"t":169,"s":[-327.727,-482.404,0],"to":[-2.631,0.327,0],"ti":[2.621,-0.395,0]},{"i":{"x":0.833,"y":0.833},"o":{"x":0.167,"y":0.167},"t":170,"s":[-335.606,-481.322,0],"to":[-2.621,0.395,0],"ti":[2.61,-0.465,0]},{"i":{"x":0.833,"y":0.833},"o":{"x":0.167,"y":0.167},"t":171,"s":[-343.454,-480.034,0],"to":[-2.61,0.465,0],"ti":[2.597,-0.537,0]},{"i":{"x":0.833,"y":0.833},"o":{"x":0.167,"y":0.167},"t":172,"s":[-351.266,-478.533,0],"to":[-2.597,0.537,0],"ti":[2.58,-0.611,0]},{"i":{"x":0.833,"y":0.833},"o":{"x":0.167,"y":0.167},"t":173,"s":[-359.034,-476.813,0],"to":[-2.58,0.611,0],"ti":[2.56,-0.689,0]},{"i":{"x":0.833,"y":0.833},"o":{"x":0.167,"y":0.167},"t":174,"s":[-366.746,-474.865,0],"to":[-2.56,0.689,0],"ti":[2.537,-0.77,0]},{"i":{"x":0.833,"y":0.833},"o":{"x":0.167,"y":0.167},"t":175,"s":[-374.393,-472.679,0],"to":[-2.537,0.77,0],"ti":[2.509,-0.857,0]},{"i":{"x":0.833,"y":0.833},"o":{"x":0.167,"y":0.167},"t":176,"s":[-381.965,-470.242,0],"to":[-2.509,0.857,0],"ti":[2.475,-0.95,0]},{"i":{"x":0.833,"y":0.833},"o":{"x":0.167,"y":0.167},"t":177,"s":[-389.446,-467.538,0],"to":[-2.475,0.95,0],"ti":[2.431,-1.056,0]},{"i":{"x":0.833,"y":0.833},"o":{"x":0.167,"y":0.167},"t":178,"s":[-396.813,-464.54,0],"to":[-2.431,1.056,0],"ti":[1.203,-0.556,0]},{"t":179,"s":[-404.032,-461.202,0]}],"ix":2},"a":{"a":0,"k":[0,0,0],"ix":1},"s":{"a":0,"k":[100,100,100],"ix":6}},"ao":0,"ip":0,"op":182,"st":-89,"bm":0},{"ddd":0,"ind":5,"ty":4,"nm":"dot 3","parent":4,"sr":1,"ks":{"o":{"a":0,"k":100,"ix":11},"r":{"a":0,"k":0,"ix":10},"p":{"a":0,"k":[-0.034,-0.02,0],"ix":2},"a":{"a":0,"k":[-40.776,-46.24,0],"ix":1},"s":{"a":0,"k":[1000,1000,100],"ix":6}},"ao":0,"shapes":[{"ty":"gr","it":[{"ind":0,"ty":"sh","ix":1,"ks":{"a":0,"k":{"i":[[-2.529,0],[0,-2.529],[2.529,0],[0,2.529]],"o":[[2.529,0],[0,2.529],[-2.529,0],[0,-2.529]],"v":[[-40.776,-50.818],[-36.197,-46.24],[-40.776,-41.661],[-45.355,-46.24]],"c":true},"ix":2},"nm":"Path 1","mn":"ADBE Vector Shape - Group","hd":false},{"ty":"fl","c":{"a":0,"k":[0.035294119269,0.078431375325,0.250980407,1],"ix":4},"o":{"a":0,"k":100,"ix":5},"r":1,"bm":0,"nm":"Fill 1","mn":"ADBE Vector Graphic - Fill","hd":false},{"ty":"tr","p":{"a":0,"k":[0,0],"ix":2},"a":{"a":0,"k":[0,0],"ix":1},"s":{"a":0,"k":[100,100],"ix":3},"r":{"a":0,"k":0,"ix":6},"o":{"a":0,"k":100,"ix":7},"sk":{"a":0,"k":0,"ix":4},"sa":{"a":0,"k":0,"ix":5},"nm":"Transform"}],"nm":"dot","np":2,"cix":2,"bm":0,"ix":1,"mn":"ADBE Vector Group","hd":false}],"ip":0,"op":182,"st":2,"bm":0},{"ddd":0,"ind":6,"ty":4,"nm":"full_circle 3","parent":3,"sr":1,"ks":{"o":{"a":0,"k":100,"ix":11},"r":{"a":0,"k":0,"ix":10},"p":{"a":0,"k":[0,6,0],"ix":2},"a":{"a":0,"k":[0,0,0],"ix":1},"s":{"a":0,"k":[1000,1000,100],"ix":6}},"ao":0,"shapes":[{"ty":"gr","it":[{"d":3,"ty":"el","s":{"a":0,"k":[62.5,122.2],"ix":2},"p":{"a":0,"k":[0,0],"ix":3},"nm":"Ellipse Path 1","mn":"ADBE Vector Shape - Ellipse","hd":false},{"ty":"tm","s":{"a":0,"k":53,"ix":1},"e":{"a":0,"k":96,"ix":2},"o":{"a":1,"k":[{"i":{"x":[0.833],"y":[0.833]},"o":{"x":[0.167],"y":[0.167]},"t":2,"s":[190]},{"t":362,"s":[550]}],"ix":3},"m":1,"ix":2,"nm":"Trim Paths 1","mn":"ADBE Vector Filter - Trim","hd":false},{"ty":"st","c":{"a":0,"k":[0.160784319043,0.439215689898,1,1],"ix":3},"o":{"a":0,"k":100,"ix":4},"w":{"a":0,"k":3,"ix":5},"lc":2,"lj":2,"bm":0,"nm":"Stroke 2","mn":"ADBE Vector Graphic - Stroke","hd":false},{"ty":"tr","p":{"a":0,"k":[-0.2,-0.6],"ix":2},"a":{"a":0,"k":[0,0],"ix":1},"s":{"a":0,"k":[100,100],"ix":3},"r":{"a":0,"k":-45,"ix":6},"o":{"a":0,"k":100,"ix":7},"sk":{"a":0,"k":0,"ix":4},"sa":{"a":0,"k":0,"ix":5},"nm":"Transform"}],"nm":"full circle","np":3,"cix":2,"bm":0,"ix":1,"mn":"ADBE Vector Group","hd":false}],"ip":0,"op":182,"st":2,"bm":0},{"ddd":0,"ind":7,"ty":3,"nm":"circle_track","sr":1,"ks":{"o":{"a":0,"k":0,"ix":11},"r":{"a":0,"k":0,"ix":10},"p":{"a":1,"k":[{"i":{"x":0.833,"y":0.833},"o":{"x":0.167,"y":0.167},"t":0,"s":[673.031,1104.418,0],"to":[1.68,2.274,0],"ti":[-3.4,-4.519,0]},{"i":{"x":0.833,"y":0.833},"o":{"x":0.167,"y":0.167},"t":1,"s":[683.113,1118.063,0],"to":[3.4,4.519,0],"ti":[-3.477,-4.459,0]},{"i":{"x":0.833,"y":0.833},"o":{"x":0.167,"y":0.167},"t":2,"s":[693.429,1131.531,0],"to":[3.477,4.459,0],"ti":[-3.552,-4.399,0]},{"i":{"x":0.833,"y":0.833},"o":{"x":0.167,"y":0.167},"t":3,"s":[703.973,1144.818,0],"to":[3.552,4.399,0],"ti":[-3.626,-4.338,0]},{"i":{"x":0.833,"y":0.833},"o":{"x":0.167,"y":0.167},"t":4,"s":[714.74,1157.924,0],"to":[3.626,4.338,0],"ti":[-3.698,-4.276,0]},{"i":{"x":0.833,"y":0.833},"o":{"x":0.167,"y":0.167},"t":5,"s":[725.726,1170.846,0],"to":[3.698,4.276,0],"ti":[-3.769,-4.213,0]},{"i":{"x":0.833,"y":0.833},"o":{"x":0.167,"y":0.167},"t":6,"s":[736.927,1183.58,0],"to":[3.769,4.213,0],"ti":[-3.839,-4.15,0]},{"i":{"x":0.833,"y":0.833},"o":{"x":0.167,"y":0.167},"t":7,"s":[748.34,1196.125,0],"to":[3.839,4.15,0],"ti":[-3.909,-4.085,0]},{"i":{"x":0.833,"y":0.833},"o":{"x":0.167,"y":0.167},"t":8,"s":[759.963,1208.478,0],"to":[3.909,4.085,0],"ti":[-3.977,-4.019,0]},{"i":{"x":0.833,"y":0.833},"o":{"x":0.167,"y":0.167},"t":9,"s":[771.792,1220.635,0],"to":[3.977,4.019,0],"ti":[-4.004,-3.918,0]},{"i":{"x":0.833,"y":0.833},"o":{"x":0.167,"y":0.167},"t":10,"s":[783.826,1232.594,0],"to":[4.004,3.918,0],"ti":[-4.023,-3.822,0]},{"i":{"x":0.833,"y":0.833},"o":{"x":0.167,"y":0.167},"t":11,"s":[795.815,1244.143,0],"to":[4.023,3.822,0],"ti":[-4.075,-3.766,0]},{"i":{"x":0.833,"y":0.833},"o":{"x":0.167,"y":0.167},"t":12,"s":[807.963,1255.524,0],"to":[4.075,3.766,0],"ti":[-4.125,-3.711,0]},{"i":{"x":0.833,"y":0.833},"o":{"x":0.167,"y":0.167},"t":13,"s":[820.265,1266.74,0],"to":[4.125,3.711,0],"ti":[-4.174,-3.656,0]},{"i":{"x":0.833,"y":0.833},"o":{"x":0.167,"y":0.167},"t":14,"s":[832.716,1277.79,0],"to":[4.174,3.656,0],"ti":[-4.222,-3.601,0]},{"i":{"x":0.833,"y":0.833},"o":{"x":0.167,"y":0.167},"t":15,"s":[845.311,1288.675,0],"to":[4.222,3.601,0],"ti":[-4.268,-3.545,0]},{"i":{"x":0.833,"y":0.833},"o":{"x":0.167,"y":0.167},"t":16,"s":[858.047,1299.394,0],"to":[4.268,3.545,0],"ti":[-4.314,-3.489,0]},{"i":{"x":0.833,"y":0.833},"o":{"x":0.167,"y":0.167},"t":17,"s":[870.921,1309.946,0],"to":[4.314,3.489,0],"ti":[-4.36,-3.433,0]},{"i":{"x":0.833,"y":0.833},"o":{"x":0.167,"y":0.167},"t":18,"s":[883.932,1320.33,0],"to":[4.36,3.433,0],"ti":[-4.404,-3.375,0]},{"i":{"x":0.833,"y":0.833},"o":{"x":0.167,"y":0.167},"t":19,"s":[897.079,1330.542,0],"to":[4.404,3.375,0],"ti":[-4.449,-3.316,0]},{"i":{"x":0.833,"y":0.833},"o":{"x":0.167,"y":0.167},"t":20,"s":[910.359,1340.58,0],"to":[4.449,3.316,0],"ti":[-4.493,-3.256,0]},{"i":{"x":0.833,"y":0.833},"o":{"x":0.167,"y":0.167},"t":21,"s":[923.772,1350.44,0],"to":[4.493,3.256,0],"ti":[-4.537,-3.194,0]},{"i":{"x":0.833,"y":0.833},"o":{"x":0.167,"y":0.167},"t":22,"s":[937.317,1360.117,0],"to":[4.537,3.194,0],"ti":[-4.581,-3.131,0]},{"i":{"x":0.833,"y":0.833},"o":{"x":0.167,"y":0.167},"t":23,"s":[950.994,1369.605,0],"to":[4.581,3.131,0],"ti":[-4.626,-3.065,0]},{"i":{"x":0.833,"y":0.833},"o":{"x":0.167,"y":0.167},"t":24,"s":[964.804,1378.9,0],"to":[4.626,3.065,0],"ti":[-4.67,-2.997,0]},{"i":{"x":0.833,"y":0.833},"o":{"x":0.167,"y":0.167},"t":25,"s":[978.748,1387.995,0],"to":[4.67,2.997,0],"ti":[-4.715,-2.926,0]},{"i":{"x":0.833,"y":0.833},"o":{"x":0.167,"y":0.167},"t":26,"s":[992.827,1396.882,0],"to":[4.715,2.926,0],"ti":[-4.761,-2.852,0]},{"i":{"x":0.833,"y":0.833},"o":{"x":0.167,"y":0.167},"t":27,"s":[1007.04,1405.552,0],"to":[4.761,2.852,0],"ti":[-4.806,-2.775,0]},{"i":{"x":0.833,"y":0.833},"o":{"x":0.167,"y":0.167},"t":28,"s":[1021.39,1413.996,0],"to":[4.806,2.775,0],"ti":[-4.852,-2.694,0]},{"i":{"x":0.833,"y":0.833},"o":{"x":0.167,"y":0.167},"t":29,"s":[1035.876,1422.201,0],"to":[4.852,2.694,0],"ti":[-4.898,-2.608,0]},{"i":{"x":0.833,"y":0.833},"o":{"x":0.167,"y":0.167},"t":30,"s":[1050.501,1430.157,0],"to":[4.898,2.608,0],"ti":[-4.945,-2.518,0]},{"i":{"x":0.833,"y":0.833},"o":{"x":0.167,"y":0.167},"t":31,"s":[1065.264,1437.849,0],"to":[4.945,2.518,0],"ti":[-4.992,-2.422,0]},{"i":{"x":0.833,"y":0.833},"o":{"x":0.167,"y":0.167},"t":32,"s":[1080.169,1445.262,0],"to":[4.992,2.422,0],"ti":[-5.039,-2.32,0]},{"i":{"x":0.833,"y":0.833},"o":{"x":0.167,"y":0.167},"t":33,"s":[1095.216,1452.38,0],"to":[5.039,2.32,0],"ti":[-5.088,-2.212,0]},{"i":{"x":0.833,"y":0.833},"o":{"x":0.167,"y":0.167},"t":34,"s":[1110.406,1459.184,0],"to":[5.088,2.212,0],"ti":[-5.136,-2.097,0]},{"i":{"x":0.833,"y":0.833},"o":{"x":0.167,"y":0.167},"t":35,"s":[1125.741,1465.652,0],"to":[5.136,2.097,0],"ti":[-5.185,-1.973,0]},{"i":{"x":0.833,"y":0.833},"o":{"x":0.167,"y":0.167},"t":36,"s":[1141.222,1471.763,0],"to":[5.185,1.973,0],"ti":[-5.234,-1.84,0]},{"i":{"x":0.833,"y":0.833},"o":{"x":0.167,"y":0.167},"t":37,"s":[1156.849,1477.489,0],"to":[5.234,1.84,0],"ti":[-5.283,-1.697,0]},{"i":{"x":0.833,"y":0.833},"o":{"x":0.167,"y":0.167},"t":38,"s":[1172.624,1482.802,0],"to":[5.283,1.697,0],"ti":[-5.33,-1.542,0]},{"i":{"x":0.833,"y":0.833},"o":{"x":0.167,"y":0.167},"t":39,"s":[1188.545,1487.67,0],"to":[5.33,1.542,0],"ti":[-5.375,-1.374,0]},{"i":{"x":0.833,"y":0.833},"o":{"x":0.167,"y":0.167},"t":40,"s":[1204.605,1492.053,0],"to":[5.375,1.374,0],"ti":[-5.418,-1.191,0]},{"i":{"x":0.833,"y":0.833},"o":{"x":0.167,"y":0.167},"t":41,"s":[1220.797,1495.912,0],"to":[5.418,1.191,0],"ti":[-5.458,-0.993,0]},{"i":{"x":0.833,"y":0.833},"o":{"x":0.167,"y":0.167},"t":42,"s":[1237.113,1499.2,0],"to":[5.458,0.993,0],"ti":[-5.493,-0.777,0]},{"i":{"x":0.833,"y":0.833},"o":{"x":0.167,"y":0.167},"t":43,"s":[1253.543,1501.869,0],"to":[5.493,0.777,0],"ti":[-5.522,-0.542,0]},{"i":{"x":0.833,"y":0.833},"o":{"x":0.167,"y":0.167},"t":44,"s":[1270.074,1503.862,0],"to":[5.522,0.542,0],"ti":[-5.54,-0.286,0]},{"i":{"x":0.833,"y":0.833},"o":{"x":0.167,"y":0.167},"t":45,"s":[1286.675,1505.119,0],"to":[5.54,0.286,0],"ti":[-5.545,-0.008,0]},{"i":{"x":0.833,"y":0.833},"o":{"x":0.167,"y":0.167},"t":46,"s":[1303.312,1505.576,0],"to":[5.545,0.008,0],"ti":[-5.538,0.293,0]},{"i":{"x":0.833,"y":0.833},"o":{"x":0.167,"y":0.167},"t":47,"s":[1319.947,1505.165,0],"to":[5.538,-0.293,0],"ti":[-5.512,0.616,0]},{"i":{"x":0.833,"y":0.833},"o":{"x":0.167,"y":0.167},"t":48,"s":[1336.537,1503.819,0],"to":[5.512,-0.616,0],"ti":[-5.462,0.96,0]},{"i":{"x":0.833,"y":0.833},"o":{"x":0.167,"y":0.167},"t":49,"s":[1353.018,1501.47,0],"to":[5.462,-0.96,0],"ti":[-5.384,1.321,0]},{"i":{"x":0.833,"y":0.833},"o":{"x":0.167,"y":0.167},"t":50,"s":[1369.307,1498.061,0],"to":[5.384,-1.321,0],"ti":[-5.278,1.697,0]},{"i":{"x":0.833,"y":0.833},"o":{"x":0.167,"y":0.167},"t":51,"s":[1385.323,1493.542,0],"to":[5.278,-1.697,0],"ti":[-5.14,2.079,0]},{"i":{"x":0.833,"y":0.833},"o":{"x":0.167,"y":0.167},"t":52,"s":[1400.977,1487.88,0],"to":[5.14,-2.079,0],"ti":[-4.968,2.46,0]},{"i":{"x":0.833,"y":0.833},"o":{"x":0.167,"y":0.167},"t":53,"s":[1416.162,1481.067,0],"to":[4.968,-2.46,0],"ti":[-4.764,2.831,0]},{"i":{"x":0.833,"y":0.833},"o":{"x":0.167,"y":0.167},"t":54,"s":[1430.782,1473.119,0],"to":[4.764,-2.831,0],"ti":[-4.536,3.187,0]},{"i":{"x":0.833,"y":0.833},"o":{"x":0.167,"y":0.167},"t":55,"s":[1444.746,1464.08,0],"to":[4.536,-3.187,0],"ti":[-3.701,4.028,0]},{"i":{"x":0.833,"y":0.833},"o":{"x":0.167,"y":0.167},"t":56,"s":[1458,1454,0],"to":[3.701,-4.028,0],"ti":[-2.841,4.781,0]},{"i":{"x":0.833,"y":0.833},"o":{"x":0.167,"y":0.167},"t":57,"s":[1466.954,1439.914,0],"to":[2.841,-4.781,0],"ti":[-2.545,4.944,0]},{"i":{"x":0.833,"y":0.833},"o":{"x":0.167,"y":0.167},"t":58,"s":[1475.044,1425.315,0],"to":[2.545,-4.944,0],"ti":[-2.235,5.092,0]},{"i":{"x":0.833,"y":0.833},"o":{"x":0.167,"y":0.167},"t":59,"s":[1482.223,1410.249,0],"to":[2.235,-5.092,0],"ti":[-1.916,5.22,0]},{"i":{"x":0.833,"y":0.833},"o":{"x":0.167,"y":0.167},"t":60,"s":[1488.456,1394.766,0],"to":[1.916,-5.22,0],"ti":[-1.592,5.328,0]},{"i":{"x":0.833,"y":0.833},"o":{"x":0.167,"y":0.167},"t":61,"s":[1493.719,1378.927,0],"to":[1.592,-5.328,0],"ti":[-1.267,5.415,0]},{"i":{"x":0.833,"y":0.833},"o":{"x":0.167,"y":0.167},"t":62,"s":[1498.005,1362.795,0],"to":[1.267,-5.415,0],"ti":[-0.945,5.48,0]},{"i":{"x":0.833,"y":0.833},"o":{"x":0.167,"y":0.167},"t":63,"s":[1501.319,1346.439,0],"to":[0.945,-5.48,0],"ti":[-0.632,5.526,0]},{"i":{"x":0.833,"y":0.833},"o":{"x":0.167,"y":0.167},"t":64,"s":[1503.678,1329.917,0],"to":[0.632,-5.526,0],"ti":[-0.33,5.552,0]},{"i":{"x":0.833,"y":0.833},"o":{"x":0.167,"y":0.167},"t":65,"s":[1505.113,1313.286,0],"to":[0.33,-5.552,0],"ti":[-0.042,5.561,0]},{"i":{"x":0.833,"y":0.833},"o":{"x":0.167,"y":0.167},"t":66,"s":[1505.661,1296.603,0],"to":[0.042,-5.561,0],"ti":[0.232,5.556,0]},{"i":{"x":0.833,"y":0.833},"o":{"x":0.167,"y":0.167},"t":67,"s":[1505.364,1279.917,0],"to":[-0.232,-5.556,0],"ti":[0.49,5.541,0]},{"i":{"x":0.833,"y":0.833},"o":{"x":0.167,"y":0.167},"t":68,"s":[1504.27,1263.264,0],"to":[-0.49,-5.541,0],"ti":[0.731,5.515,0]},{"i":{"x":0.833,"y":0.833},"o":{"x":0.167,"y":0.167},"t":69,"s":[1502.427,1246.673,0],"to":[-0.731,-5.515,0],"ti":[0.957,5.481,0]},{"i":{"x":0.833,"y":0.833},"o":{"x":0.167,"y":0.167},"t":70,"s":[1499.883,1230.172,0],"to":[-0.957,-5.481,0],"ti":[1.167,5.439,0]},{"i":{"x":0.833,"y":0.833},"o":{"x":0.167,"y":0.167},"t":71,"s":[1496.685,1213.79,0],"to":[-1.167,-5.439,0],"ti":[1.363,5.393,0]},{"i":{"x":0.833,"y":0.833},"o":{"x":0.167,"y":0.167},"t":72,"s":[1492.88,1197.539,0],"to":[-1.363,-5.393,0],"ti":[1.545,5.345,0]},{"i":{"x":0.833,"y":0.833},"o":{"x":0.167,"y":0.167},"t":73,"s":[1488.508,1181.43,0],"to":[-1.545,-5.345,0],"ti":[1.715,5.293,0]},{"i":{"x":0.833,"y":0.833},"o":{"x":0.167,"y":0.167},"t":74,"s":[1483.609,1165.472,0],"to":[-1.715,-5.293,0],"ti":[1.872,5.239,0]},{"i":{"x":0.833,"y":0.833},"o":{"x":0.167,"y":0.167},"t":75,"s":[1478.219,1149.672,0],"to":[-1.872,-5.239,0],"ti":[2.019,5.184,0]},{"i":{"x":0.833,"y":0.833},"o":{"x":0.167,"y":0.167},"t":76,"s":[1472.374,1134.036,0],"to":[-2.019,-5.184,0],"ti":[2.156,5.128,0]},{"i":{"x":0.833,"y":0.833},"o":{"x":0.167,"y":0.167},"t":77,"s":[1466.104,1118.568,0],"to":[-2.156,-5.128,0],"ti":[2.285,5.073,0]},{"i":{"x":0.833,"y":0.833},"o":{"x":0.167,"y":0.167},"t":78,"s":[1459.436,1103.266,0],"to":[-2.285,-5.073,0],"ti":[2.405,5.017,0]},{"i":{"x":0.833,"y":0.833},"o":{"x":0.167,"y":0.167},"t":79,"s":[1452.395,1088.131,0],"to":[-2.405,-5.017,0],"ti":[2.518,4.962,0]},{"i":{"x":0.833,"y":0.833},"o":{"x":0.167,"y":0.167},"t":80,"s":[1445.005,1073.162,0],"to":[-2.518,-4.962,0],"ti":[2.624,4.907,0]},{"i":{"x":0.833,"y":0.833},"o":{"x":0.167,"y":0.167},"t":81,"s":[1437.287,1058.359,0],"to":[-2.624,-4.907,0],"ti":[2.724,4.851,0]},{"i":{"x":0.833,"y":0.833},"o":{"x":0.167,"y":0.167},"t":82,"s":[1429.261,1043.723,0],"to":[-2.724,-4.851,0],"ti":[2.818,4.797,0]},{"i":{"x":0.833,"y":0.833},"o":{"x":0.167,"y":0.167},"t":83,"s":[1420.944,1029.251,0],"to":[-2.818,-4.797,0],"ti":[2.908,4.743,0]},{"i":{"x":0.833,"y":0.833},"o":{"x":0.167,"y":0.167},"t":84,"s":[1412.35,1014.942,0],"to":[-2.908,-4.743,0],"ti":[2.994,4.69,0]},{"i":{"x":0.833,"y":0.833},"o":{"x":0.167,"y":0.167},"t":85,"s":[1403.494,1000.792,0],"to":[-2.994,-4.69,0],"ti":[3.075,4.637,0]},{"i":{"x":0.833,"y":0.833},"o":{"x":0.167,"y":0.167},"t":86,"s":[1394.389,986.801,0],"to":[-3.075,-4.637,0],"ti":[3.153,4.585,0]},{"i":{"x":0.833,"y":0.833},"o":{"x":0.167,"y":0.167},"t":87,"s":[1385.045,972.967,0],"to":[-3.153,-4.585,0],"ti":[3.227,4.533,0]},{"i":{"x":0.833,"y":0.833},"o":{"x":0.167,"y":0.167},"t":88,"s":[1375.473,959.291,0],"to":[-3.227,-4.533,0],"ti":[3.298,4.481,0]},{"i":{"x":0.833,"y":0.833},"o":{"x":0.167,"y":0.167},"t":89,"s":[1365.684,945.771,0],"to":[-3.298,-4.481,0],"ti":[3.367,4.429,0]},{"i":{"x":0.833,"y":0.833},"o":{"x":0.167,"y":0.167},"t":90,"s":[1355.684,932.406,0],"to":[-3.367,-4.429,0],"ti":[3.434,4.378,0]},{"i":{"x":0.833,"y":0.833},"o":{"x":0.167,"y":0.167},"t":91,"s":[1345.48,919.195,0],"to":[-3.434,-4.378,0],"ti":[3.499,4.326,0]},{"i":{"x":0.833,"y":0.833},"o":{"x":0.167,"y":0.167},"t":92,"s":[1335.079,906.138,0],"to":[-3.499,-4.326,0],"ti":[3.562,4.274,0]},{"i":{"x":0.833,"y":0.833},"o":{"x":0.167,"y":0.167},"t":93,"s":[1324.485,893.236,0],"to":[-3.562,-4.274,0],"ti":[3.624,4.222,0]},{"i":{"x":0.833,"y":0.833},"o":{"x":0.167,"y":0.167},"t":94,"s":[1313.706,880.492,0],"to":[-3.624,-4.222,0],"ti":[3.684,4.169,0]},{"i":{"x":0.833,"y":0.833},"o":{"x":0.167,"y":0.167},"t":95,"s":[1302.743,867.905,0],"to":[-3.684,-4.169,0],"ti":[3.745,4.116,0]},{"i":{"x":0.833,"y":0.833},"o":{"x":0.167,"y":0.167},"t":96,"s":[1291.599,855.478,0],"to":[-3.745,-4.116,0],"ti":[3.804,4.061,0]},{"i":{"x":0.833,"y":0.833},"o":{"x":0.167,"y":0.167},"t":97,"s":[1280.275,843.212,0],"to":[-3.804,-4.061,0],"ti":[3.863,4.004,0]},{"i":{"x":0.833,"y":0.833},"o":{"x":0.167,"y":0.167},"t":98,"s":[1268.773,831.112,0],"to":[-3.863,-4.004,0],"ti":[3.923,3.946,0]},{"i":{"x":0.833,"y":0.833},"o":{"x":0.167,"y":0.167},"t":99,"s":[1257.095,819.185,0],"to":[-3.923,-3.946,0],"ti":[3.882,3.8,0]},{"i":{"x":0.833,"y":0.833},"o":{"x":0.167,"y":0.167},"t":100,"s":[1245.237,807.436,0],"to":[-3.882,-3.8,0],"ti":[3.829,3.666,0]},{"i":{"x":0.833,"y":0.833},"o":{"x":0.167,"y":0.167},"t":101,"s":[1233.804,796.383,0],"to":[-3.829,-3.666,0],"ti":[3.864,3.629,0]},{"i":{"x":0.833,"y":0.833},"o":{"x":0.167,"y":0.167},"t":102,"s":[1222.266,785.44,0],"to":[-3.864,-3.629,0],"ti":[3.9,3.59,0]},{"i":{"x":0.833,"y":0.833},"o":{"x":0.167,"y":0.167},"t":103,"s":[1210.62,774.611,0],"to":[-3.9,-3.59,0],"ti":[3.937,3.549,0]},{"i":{"x":0.833,"y":0.833},"o":{"x":0.167,"y":0.167},"t":104,"s":[1198.865,763.901,0],"to":[-3.937,-3.549,0],"ti":[3.975,3.507,0]},{"i":{"x":0.833,"y":0.833},"o":{"x":0.167,"y":0.167},"t":105,"s":[1186.998,753.315,0],"to":[-3.975,-3.507,0],"ti":[4.013,3.463,0]},{"i":{"x":0.833,"y":0.833},"o":{"x":0.167,"y":0.167},"t":106,"s":[1175.016,742.86,0],"to":[-4.013,-3.463,0],"ti":[4.053,3.416,0]},{"i":{"x":0.833,"y":0.833},"o":{"x":0.167,"y":0.167},"t":107,"s":[1162.917,732.54,0],"to":[-4.053,-3.416,0],"ti":[4.093,3.368,0]},{"i":{"x":0.833,"y":0.833},"o":{"x":0.167,"y":0.167},"t":108,"s":[1150.698,722.362,0],"to":[-4.093,-3.368,0],"ti":[4.135,3.317,0]},{"i":{"x":0.833,"y":0.833},"o":{"x":0.167,"y":0.167},"t":109,"s":[1138.357,712.333,0],"to":[-4.135,-3.317,0],"ti":[4.176,3.264,0]},{"i":{"x":0.833,"y":0.833},"o":{"x":0.167,"y":0.167},"t":110,"s":[1125.891,702.459,0],"to":[-4.176,-3.264,0],"ti":[4.219,3.208,0]},{"i":{"x":0.833,"y":0.833},"o":{"x":0.167,"y":0.167},"t":111,"s":[1113.298,692.749,0],"to":[-4.219,-3.208,0],"ti":[4.263,3.15,0]},{"i":{"x":0.833,"y":0.833},"o":{"x":0.167,"y":0.167},"t":112,"s":[1100.575,683.209,0],"to":[-4.263,-3.15,0],"ti":[4.308,3.089,0]},{"i":{"x":0.833,"y":0.833},"o":{"x":0.167,"y":0.167},"t":113,"s":[1087.719,673.849,0],"to":[-4.308,-3.089,0],"ti":[4.353,3.024,0]},{"i":{"x":0.833,"y":0.833},"o":{"x":0.167,"y":0.167},"t":114,"s":[1074.728,664.678,0],"to":[-4.353,-3.024,0],"ti":[4.4,2.956,0]},{"i":{"x":0.833,"y":0.833},"o":{"x":0.167,"y":0.167},"t":115,"s":[1061.599,655.705,0],"to":[-4.4,-2.956,0],"ti":[4.447,2.885,0]},{"i":{"x":0.833,"y":0.833},"o":{"x":0.167,"y":0.167},"t":116,"s":[1048.329,646.941,0],"to":[-4.447,-2.885,0],"ti":[4.495,2.81,0]},{"i":{"x":0.833,"y":0.833},"o":{"x":0.167,"y":0.167},"t":117,"s":[1034.917,638.397,0],"to":[-4.495,-2.81,0],"ti":[4.543,2.73,0]},{"i":{"x":0.833,"y":0.833},"o":{"x":0.167,"y":0.167},"t":118,"s":[1021.361,630.084,0],"to":[-4.543,-2.73,0],"ti":[4.592,2.647,0]},{"i":{"x":0.833,"y":0.833},"o":{"x":0.167,"y":0.167},"t":119,"s":[1007.658,622.015,0],"to":[-4.592,-2.647,0],"ti":[4.642,2.558,0]},{"i":{"x":0.833,"y":0.833},"o":{"x":0.167,"y":0.167},"t":120,"s":[993.806,614.204,0],"to":[-4.642,-2.558,0],"ti":[4.692,2.465,0]},{"i":{"x":0.833,"y":0.833},"o":{"x":0.167,"y":0.167},"t":121,"s":[979.805,606.665,0],"to":[-4.692,-2.465,0],"ti":[4.743,2.367,0]},{"i":{"x":0.833,"y":0.833},"o":{"x":0.167,"y":0.167},"t":122,"s":[965.653,599.413,0],"to":[-4.743,-2.367,0],"ti":[4.793,2.263,0]},{"i":{"x":0.833,"y":0.833},"o":{"x":0.167,"y":0.167},"t":123,"s":[951.349,592.465,0],"to":[-4.793,-2.263,0],"ti":[4.844,2.153,0]},{"i":{"x":0.833,"y":0.833},"o":{"x":0.167,"y":0.167},"t":124,"s":[936.894,585.837,0],"to":[-4.844,-2.153,0],"ti":[4.894,2.036,0]},{"i":{"x":0.833,"y":0.833},"o":{"x":0.167,"y":0.167},"t":125,"s":[922.287,579.549,0],"to":[-4.894,-2.036,0],"ti":[4.943,1.913,0]},{"i":{"x":0.833,"y":0.833},"o":{"x":0.167,"y":0.167},"t":126,"s":[907.531,573.621,0],"to":[-4.943,-1.913,0],"ti":[4.992,1.782,0]},{"i":{"x":0.833,"y":0.833},"o":{"x":0.167,"y":0.167},"t":127,"s":[892.628,568.073,0],"to":[-4.992,-1.782,0],"ti":[5.039,1.644,0]},{"i":{"x":0.833,"y":0.833},"o":{"x":0.167,"y":0.167},"t":128,"s":[877.581,562.927,0],"to":[-5.039,-1.644,0],"ti":[5.084,1.498,0]},{"i":{"x":0.833,"y":0.833},"o":{"x":0.167,"y":0.167},"t":129,"s":[862.396,558.209,0],"to":[-5.084,-1.498,0],"ti":[5.127,1.343,0]},{"i":{"x":0.833,"y":0.833},"o":{"x":0.167,"y":0.167},"t":130,"s":[847.078,553.941,0],"to":[-5.127,-1.343,0],"ti":[5.167,1.179,0]},{"i":{"x":0.833,"y":0.833},"o":{"x":0.167,"y":0.167},"t":131,"s":[831.635,550.151,0],"to":[-5.167,-1.179,0],"ti":[5.203,1.006,0]},{"i":{"x":0.833,"y":0.833},"o":{"x":0.167,"y":0.167},"t":132,"s":[816.077,546.867,0],"to":[-5.203,-1.006,0],"ti":[5.235,0.823,0]},{"i":{"x":0.833,"y":0.833},"o":{"x":0.167,"y":0.167},"t":133,"s":[800.416,544.116,0],"to":[-5.235,-0.823,0],"ti":[5.262,0.63,0]},{"i":{"x":0.833,"y":0.833},"o":{"x":0.167,"y":0.167},"t":134,"s":[784.666,541.929,0],"to":[-5.262,-0.63,0],"ti":[5.283,0.426,0]},{"i":{"x":0.833,"y":0.833},"o":{"x":0.167,"y":0.167},"t":135,"s":[768.843,540.338,0],"to":[-5.283,-0.426,0],"ti":[5.295,0.211,0]},{"i":{"x":0.833,"y":0.833},"o":{"x":0.167,"y":0.167},"t":136,"s":[752.97,539.375,0],"to":[-5.295,-0.211,0],"ti":[5.299,-0.016,0]},{"i":{"x":0.833,"y":0.833},"o":{"x":0.167,"y":0.167},"t":137,"s":[737.073,539.075,0],"to":[-5.299,0.016,0],"ti":[5.293,-0.255,0]},{"i":{"x":0.833,"y":0.833},"o":{"x":0.167,"y":0.167},"t":138,"s":[721.177,539.471,0],"to":[-5.293,0.255,0],"ti":[5.275,-0.506,0]},{"i":{"x":0.833,"y":0.833},"o":{"x":0.167,"y":0.167},"t":139,"s":[705.315,540.603,0],"to":[-5.275,0.506,0],"ti":[5.242,-0.772,0]},{"i":{"x":0.833,"y":0.833},"o":{"x":0.167,"y":0.167},"t":140,"s":[689.529,542.509,0],"to":[-5.242,0.772,0],"ti":[5.192,-1.055,0]},{"i":{"x":0.833,"y":0.833},"o":{"x":0.167,"y":0.167},"t":141,"s":[673.865,545.236,0],"to":[-5.192,1.055,0],"ti":[5.121,-1.358,0]},{"i":{"x":0.833,"y":0.833},"o":{"x":0.167,"y":0.167},"t":142,"s":[658.376,548.836,0],"to":[-5.121,1.358,0],"ti":[5.018,-1.694,0]},{"i":{"x":0.833,"y":0.833},"o":{"x":0.167,"y":0.167},"t":143,"s":[643.141,553.384,0],"to":[-5.018,1.694,0],"ti":[4.857,-2.103,0]},{"i":{"x":0.833,"y":0.833},"o":{"x":0.167,"y":0.167},"t":144,"s":[628.267,558.997,0],"to":[-4.857,2.103,0],"ti":[4.491,-3.044,0]},{"i":{"x":0.833,"y":0.833},"o":{"x":0.167,"y":0.167},"t":145,"s":[614,566,0],"to":[-4.491,3.044,0],"ti":[4.07,-3.917,0]},{"i":{"x":0.833,"y":0.833},"o":{"x":0.167,"y":0.167},"t":146,"s":[601.32,577.263,0],"to":[-4.07,3.917,0],"ti":[3.739,-4.233,0]},{"i":{"x":0.833,"y":0.833},"o":{"x":0.167,"y":0.167},"t":147,"s":[589.58,589.5,0],"to":[-3.739,4.233,0],"ti":[3.378,-4.527,0]},{"i":{"x":0.833,"y":0.833},"o":{"x":0.167,"y":0.167},"t":148,"s":[578.883,602.659,0],"to":[-3.378,4.527,0],"ti":[2.992,-4.791,0]},{"i":{"x":0.833,"y":0.833},"o":{"x":0.167,"y":0.167},"t":149,"s":[569.313,616.66,0],"to":[-2.992,4.791,0],"ti":[2.592,-5.018,0]},{"i":{"x":0.833,"y":0.833},"o":{"x":0.167,"y":0.167},"t":150,"s":[560.929,631.403,0],"to":[-2.592,5.018,0],"ti":[2.188,-5.207,0]},{"i":{"x":0.833,"y":0.833},"o":{"x":0.167,"y":0.167},"t":151,"s":[553.759,646.77,0],"to":[-2.188,5.207,0],"ti":[1.789,-5.359,0]},{"i":{"x":0.833,"y":0.833},"o":{"x":0.167,"y":0.167},"t":152,"s":[547.801,662.648,0],"to":[-1.789,5.359,0],"ti":[1.401,-5.474,0]},{"i":{"x":0.833,"y":0.833},"o":{"x":0.167,"y":0.167},"t":153,"s":[543.028,678.926,0],"to":[-1.401,5.474,0],"ti":[1.031,-5.555,0]},{"i":{"x":0.833,"y":0.833},"o":{"x":0.167,"y":0.167},"t":154,"s":[539.394,695.49,0],"to":[-1.031,5.555,0],"ti":[0.683,-5.609,0]},{"i":{"x":0.833,"y":0.833},"o":{"x":0.167,"y":0.167},"t":155,"s":[536.839,712.254,0],"to":[-0.683,5.609,0],"ti":[0.358,-5.641,0]},{"i":{"x":0.833,"y":0.833},"o":{"x":0.167,"y":0.167},"t":156,"s":[535.295,729.147,0],"to":[-0.358,5.641,0],"ti":[0.055,-5.652,0]},{"i":{"x":0.833,"y":0.833},"o":{"x":0.167,"y":0.167},"t":157,"s":[534.693,746.102,0],"to":[-0.055,5.652,0],"ti":[-0.225,-5.647,0]},{"i":{"x":0.833,"y":0.833},"o":{"x":0.167,"y":0.167},"t":158,"s":[534.964,763.06,0],"to":[0.225,5.647,0],"ti":[-0.483,-5.632,0]},{"i":{"x":0.833,"y":0.833},"o":{"x":0.167,"y":0.167},"t":159,"s":[536.041,779.986,0],"to":[0.483,5.632,0],"ti":[-0.722,-5.607,0]},{"i":{"x":0.833,"y":0.833},"o":{"x":0.167,"y":0.167},"t":160,"s":[537.862,796.85,0],"to":[0.722,5.607,0],"ti":[-0.943,-5.575,0]},{"i":{"x":0.833,"y":0.833},"o":{"x":0.167,"y":0.167},"t":161,"s":[540.372,813.629,0],"to":[0.943,5.575,0],"ti":[-1.147,-5.536,0]},{"i":{"x":0.833,"y":0.833},"o":{"x":0.167,"y":0.167},"t":162,"s":[543.518,830.298,0],"to":[1.147,5.536,0],"ti":[-1.336,-5.492,0]},{"i":{"x":0.833,"y":0.833},"o":{"x":0.167,"y":0.167},"t":163,"s":[547.253,846.842,0],"to":[1.336,5.492,0],"ti":[-1.512,-5.447,0]},{"i":{"x":0.833,"y":0.833},"o":{"x":0.167,"y":0.167},"t":164,"s":[551.535,863.252,0],"to":[1.512,5.447,0],"ti":[-1.677,-5.399,0]},{"i":{"x":0.833,"y":0.833},"o":{"x":0.167,"y":0.167},"t":165,"s":[556.327,879.522,0],"to":[1.677,5.399,0],"ti":[-1.831,-5.349,0]},{"i":{"x":0.833,"y":0.833},"o":{"x":0.167,"y":0.167},"t":166,"s":[561.595,895.644,0],"to":[1.831,5.349,0],"ti":[-1.975,-5.298,0]},{"i":{"x":0.833,"y":0.833},"o":{"x":0.167,"y":0.167},"t":167,"s":[567.31,911.615,0],"to":[1.975,5.298,0],"ti":[-2.111,-5.246,0]},{"i":{"x":0.833,"y":0.833},"o":{"x":0.167,"y":0.167},"t":168,"s":[573.445,927.432,0],"to":[2.111,5.246,0],"ti":[-2.239,-5.192,0]},{"i":{"x":0.833,"y":0.833},"o":{"x":0.167,"y":0.167},"t":169,"s":[579.974,943.089,0],"to":[2.239,5.192,0],"ti":[-2.36,-5.139,0]},{"i":{"x":0.833,"y":0.833},"o":{"x":0.167,"y":0.167},"t":170,"s":[586.878,958.586,0],"to":[2.36,5.139,0],"ti":[-2.475,-5.084,0]},{"i":{"x":0.833,"y":0.833},"o":{"x":0.167,"y":0.167},"t":171,"s":[594.136,973.921,0],"to":[2.475,5.084,0],"ti":[-2.585,-5.029,0]},{"i":{"x":0.833,"y":0.833},"o":{"x":0.167,"y":0.167},"t":172,"s":[601.731,989.091,0],"to":[2.585,5.029,0],"ti":[-2.69,-4.974,0]},{"i":{"x":0.833,"y":0.833},"o":{"x":0.167,"y":0.167},"t":173,"s":[609.646,1004.095,0],"to":[2.69,4.974,0],"ti":[-2.79,-4.918,0]},{"i":{"x":0.833,"y":0.833},"o":{"x":0.167,"y":0.167},"t":174,"s":[617.869,1018.933,0],"to":[2.79,4.918,0],"ti":[-2.886,-4.862,0]},{"i":{"x":0.833,"y":0.833},"o":{"x":0.167,"y":0.167},"t":175,"s":[626.385,1033.603,0],"to":[2.886,4.862,0],"ti":[-2.979,-4.806,0]},{"i":{"x":0.833,"y":0.833},"o":{"x":0.167,"y":0.167},"t":176,"s":[635.185,1048.105,0],"to":[2.979,4.806,0],"ti":[-3.069,-4.75,0]},{"i":{"x":0.833,"y":0.833},"o":{"x":0.167,"y":0.167},"t":177,"s":[644.259,1062.439,0],"to":[3.069,4.75,0],"ti":[-3.155,-4.693,0]},{"i":{"x":0.833,"y":0.833},"o":{"x":0.167,"y":0.167},"t":178,"s":[653.597,1076.604,0],"to":[3.155,4.693,0],"ti":[-1.599,-2.332,0]},{"t":179,"s":[663.19,1090.598,0]}],"ix":2},"a":{"a":0,"k":[0,0,0],"ix":1},"s":{"a":0,"k":[100,100,100],"ix":6}},"ao":0,"ip":0,"op":182,"st":-35,"bm":0},{"ddd":0,"ind":8,"ty":4,"nm":"dot","parent":7,"sr":1,"ks":{"o":{"a":0,"k":100,"ix":11},"r":{"a":0,"k":0,"ix":10},"p":{"a":0,"k":[410,458,0],"ix":2},"a":{"a":0,"k":[0,0,0],"ix":1},"s":{"a":0,"k":[1000,1000,100],"ix":6}},"ao":0,"shapes":[{"ty":"gr","it":[{"ind":0,"ty":"sh","ix":1,"ks":{"a":0,"k":{"i":[[-2.529,0],[0,-2.529],[2.529,0],[0,2.529]],"o":[[2.529,0],[0,2.529],[-2.529,0],[0,-2.529]],"v":[[-40.776,-50.818],[-36.197,-46.24],[-40.776,-41.661],[-45.355,-46.24]],"c":true},"ix":2},"nm":"Path 1","mn":"ADBE Vector Shape - Group","hd":false},{"ty":"fl","c":{"a":0,"k":[0.035294119269,0.078431375325,0.250980407,1],"ix":4},"o":{"a":0,"k":100,"ix":5},"r":1,"bm":0,"nm":"Fill 1","mn":"ADBE Vector Graphic - Fill","hd":false},{"ty":"tr","p":{"a":0,"k":[0,0],"ix":2},"a":{"a":0,"k":[0,0],"ix":1},"s":{"a":0,"k":[100,100],"ix":3},"r":{"a":0,"k":0,"ix":6},"o":{"a":0,"k":100,"ix":7},"sk":{"a":0,"k":0,"ix":4},"sa":{"a":0,"k":0,"ix":5},"nm":"Transform"}],"nm":"dot","np":2,"cix":2,"bm":0,"ix":1,"mn":"ADBE Vector Group","hd":false}],"ip":0,"op":182,"st":-28,"bm":0},{"ddd":0,"ind":9,"ty":4,"nm":"full_circle","sr":1,"ks":{"o":{"a":0,"k":100,"ix":11},"r":{"a":0,"k":0,"ix":10},"p":{"a":0,"k":[1024,1030,0],"ix":2},"a":{"a":0,"k":[0,0,0],"ix":1},"s":{"a":0,"k":[1000,1000,100],"ix":6}},"ao":0,"shapes":[{"ty":"gr","it":[{"d":3,"ty":"el","s":{"a":0,"k":[62.5,122.2],"ix":2},"p":{"a":0,"k":[0,0],"ix":3},"nm":"Ellipse Path 1","mn":"ADBE Vector Shape - Ellipse","hd":false},{"ty":"tm","s":{"a":0,"k":2,"ix":1},"e":{"a":0,"k":96,"ix":2},"o":{"a":1,"k":[{"i":{"x":[0.833],"y":[0.833]},"o":{"x":[0.167],"y":[0.167]},"t":0,"s":[80.391]},{"i":{"x":[0.833],"y":[0.833]},"o":{"x":[0.167],"y":[0.167]},"t":144,"s":[370]},{"i":{"x":[0.833],"y":[0.833]},"o":{"x":[0.167],"y":[0.167]},"t":145,"s":[12.011]},{"t":179,"s":[80.391]}],"ix":3},"m":1,"ix":2,"nm":"Trim Paths 1","mn":"ADBE Vector Filter - Trim","hd":false},{"ty":"st","c":{"a":0,"k":[0.160784319043,0.439215689898,1,1],"ix":3},"o":{"a":0,"k":100,"ix":4},"w":{"a":0,"k":3,"ix":5},"lc":2,"lj":2,"bm":0,"nm":"Stroke 2","mn":"ADBE Vector Graphic - Stroke","hd":false},{"ty":"tr","p":{"a":0,"k":[-0.2,-0.6],"ix":2},"a":{"a":0,"k":[0,0],"ix":1},"s":{"a":0,"k":[100,100],"ix":3},"r":{"a":0,"k":-45,"ix":6},"o":{"a":0,"k":100,"ix":7},"sk":{"a":0,"k":0,"ix":4},"sa":{"a":0,"k":0,"ix":5},"nm":"Transform"}],"nm":"full circle","np":3,"cix":2,"bm":0,"ix":1,"mn":"ADBE Vector Group","hd":false}],"ip":0,"op":182,"st":-35,"bm":0},{"ddd":0,"ind":10,"ty":4,"nm":"dot 2","parent":12,"sr":1,"ks":{"o":{"a":0,"k":100,"ix":11},"r":{"a":0,"k":0,"ix":10},"p":{"a":0,"k":[-0.028,0.105,0],"ix":2},"a":{"a":0,"k":[-40.776,-46.24,0],"ix":1},"s":{"a":0,"k":[1000,1000,100],"ix":6}},"ao":0,"shapes":[{"ty":"gr","it":[{"ind":0,"ty":"sh","ix":1,"ks":{"a":0,"k":{"i":[[-2.529,0],[0,-2.529],[2.529,0],[0,2.529]],"o":[[2.529,0],[0,2.529],[-2.529,0],[0,-2.529]],"v":[[-40.776,-50.818],[-36.197,-46.24],[-40.776,-41.661],[-45.355,-46.24]],"c":true},"ix":2},"nm":"Path 1","mn":"ADBE Vector Shape - Group","hd":false},{"ty":"fl","c":{"a":0,"k":[0.035294119269,0.078431375325,0.250980407,1],"ix":4},"o":{"a":0,"k":100,"ix":5},"r":1,"bm":0,"nm":"Fill 1","mn":"ADBE Vector Graphic - Fill","hd":false},{"ty":"tr","p":{"a":0,"k":[0,0],"ix":2},"a":{"a":0,"k":[0,0],"ix":1},"s":{"a":0,"k":[100,100],"ix":3},"r":{"a":0,"k":0,"ix":6},"o":{"a":0,"k":100,"ix":7},"sk":{"a":0,"k":0,"ix":4},"sa":{"a":0,"k":0,"ix":5},"nm":"Transform"}],"nm":"dot","np":2,"cix":2,"bm":0,"ix":1,"mn":"ADBE Vector Group","hd":false}],"ip":0,"op":182,"st":2,"bm":0},{"ddd":0,"ind":11,"ty":3,"nm":"centre","sr":1,"ks":{"o":{"a":0,"k":0,"ix":11},"r":{"a":0,"k":-87,"ix":10},"p":{"a":0,"k":[1024,1024,0],"ix":2},"a":{"a":0,"k":[0,0,0],"ix":1},"s":{"a":0,"k":[100,100,100],"ix":6}},"ao":0,"ip":0,"op":182,"st":2,"bm":0},{"ddd":0,"ind":12,"ty":3,"nm":"circle_track 2","parent":11,"sr":1,"ks":{"o":{"a":0,"k":0,"ix":11},"r":{"a":0,"k":0,"ix":10},"p":{"a":1,"k":[{"i":{"x":0.833,"y":0.833},"o":{"x":0.167,"y":0.167},"t":2,"s":[-410,-458,0],"to":[-166.671,136.825,0],"ti":[-221.693,-216.606,0]},{"i":{"x":0.833,"y":0.833},"o":{"x":0.167,"y":0.167},"t":92.111,"s":[-240.174,208.594,0],"to":[187.566,183.262,0],"ti":[-174.343,143.161,0]},{"i":{"x":0.833,"y":0.833},"o":{"x":0.167,"y":0.167},"t":184.226,"s":[434,430,0],"to":[136.546,-201.409,0],"ti":[165.611,161.601,0]},{"i":{"x":0.833,"y":0.833},"o":{"x":0.167,"y":0.167},"t":272.334,"s":[221.237,-216.564,0],"to":[-376.181,-367.073,0],"ti":[24.239,-14.34,0]},{"t":362.4462890625,"s":[-410,-458,0]}],"ix":2},"a":{"a":0,"k":[0,0,0],"ix":1},"s":{"a":0,"k":[100,100,100],"ix":6}},"ao":0,"ip":0,"op":182,"st":2,"bm":0},{"ddd":0,"ind":13,"ty":4,"nm":"full_circle 2","parent":11,"sr":1,"ks":{"o":{"a":0,"k":100,"ix":11},"r":{"a":0,"k":0,"ix":10},"p":{"a":0,"k":[0,6,0],"ix":2},"a":{"a":0,"k":[0,0,0],"ix":1},"s":{"a":0,"k":[1000,1000,100],"ix":6}},"ao":0,"shapes":[{"ty":"gr","it":[{"d":3,"ty":"el","s":{"a":0,"k":[62.5,122.2],"ix":2},"p":{"a":0,"k":[0,0],"ix":3},"nm":"Ellipse Path 1","mn":"ADBE Vector Shape - Ellipse","hd":false},{"ty":"tm","s":{"a":0,"k":53,"ix":1},"e":{"a":0,"k":96,"ix":2},"o":{"a":1,"k":[{"i":{"x":[0.833],"y":[0.833]},"o":{"x":[0.167],"y":[0.167]},"t":2,"s":[10]},{"t":179,"s":[187]}],"ix":3},"m":1,"ix":2,"nm":"Trim Paths 1","mn":"ADBE Vector Filter - Trim","hd":false},{"ty":"st","c":{"a":0,"k":[0.160784319043,0.439215689898,1,1],"ix":3},"o":{"a":0,"k":100,"ix":4},"w":{"a":0,"k":3,"ix":5},"lc":2,"lj":2,"bm":0,"nm":"Stroke 2","mn":"ADBE Vector Graphic - Stroke","hd":false},{"ty":"tr","p":{"a":0,"k":[-0.2,-0.6],"ix":2},"a":{"a":0,"k":[0,0],"ix":1},"s":{"a":0,"k":[100,100],"ix":3},"r":{"a":0,"k":-45,"ix":6},"o":{"a":0,"k":100,"ix":7},"sk":{"a":0,"k":0,"ix":4},"sa":{"a":0,"k":0,"ix":5},"nm":"Transform"}],"nm":"full circle","np":3,"cix":2,"bm":0,"ix":1,"mn":"ADBE Vector Group","hd":false}],"ip":0,"op":182,"st":2,"bm":0},{"ddd":0,"ind":14,"ty":4,"nm":"circle_centre","sr":1,"ks":{"o":{"a":0,"k":100,"ix":11},"r":{"a":0,"k":0,"ix":10},"p":{"a":0,"k":[1024,1024,0],"ix":2},"a":{"a":0,"k":[0,0,0],"ix":1},"s":{"a":1,"k":[{"i":{"x":[0.833,0.833,0.833],"y":[0.833,0.833,0.833]},"o":{"x":[0.167,0.167,0.167],"y":[0.167,0.167,0.167]},"t":2,"s":[1000,1000,100]},{"i":{"x":[0.833,0.833,0.833],"y":[0.833,0.833,0.833]},"o":{"x":[0.167,0.167,0.167],"y":[0.167,0.167,0.167]},"t":3,"s":[999.944,999.944,100]},{"i":{"x":[0.833,0.833,0.833],"y":[0.833,0.833,0.833]},"o":{"x":[0.167,0.167,0.167],"y":[0.167,0.167,0.167]},"t":4,"s":[999.773,999.773,100]},{"i":{"x":[0.833,0.833,0.833],"y":[0.833,0.833,0.833]},"o":{"x":[0.167,0.167,0.167],"y":[0.167,0.167,0.167]},"t":5,"s":[999.478,999.478,100]},{"i":{"x":[0.833,0.833,0.833],"y":[0.833,0.833,0.833]},"o":{"x":[0.167,0.167,0.167],"y":[0.167,0.167,0.167]},"t":6,"s":[999.052,999.052,100]},{"i":{"x":[0.833,0.833,0.833],"y":[0.833,0.833,0.833]},"o":{"x":[0.167,0.167,0.167],"y":[0.167,0.167,0.167]},"t":7,"s":[998.485,998.485,100]},{"i":{"x":[0.833,0.833,0.833],"y":[0.833,0.833,0.833]},"o":{"x":[0.167,0.167,0.167],"y":[0.167,0.167,0.167]},"t":8,"s":[997.767,997.767,100]},{"i":{"x":[0.833,0.833,0.833],"y":[0.833,0.833,0.833]},"o":{"x":[0.167,0.167,0.167],"y":[0.167,0.167,0.167]},"t":9,"s":[996.887,996.887,100]},{"i":{"x":[0.833,0.833,0.833],"y":[0.833,0.833,0.833]},"o":{"x":[0.167,0.167,0.167],"y":[0.167,0.167,0.167]},"t":10,"s":[995.832,995.832,100]},{"i":{"x":[0.833,0.833,0.833],"y":[0.833,0.833,0.833]},"o":{"x":[0.167,0.167,0.167],"y":[0.167,0.167,0.167]},"t":11,"s":[994.588,994.588,100]},{"i":{"x":[0.833,0.833,0.833],"y":[0.833,0.833,0.833]},"o":{"x":[0.167,0.167,0.167],"y":[0.167,0.167,0.167]},"t":12,"s":[993.138,993.138,100]},{"i":{"x":[0.833,0.833,0.833],"y":[0.833,0.833,0.833]},"o":{"x":[0.167,0.167,0.167],"y":[0.167,0.167,0.167]},"t":13,"s":[991.464,991.464,100]},{"i":{"x":[0.833,0.833,0.833],"y":[0.833,0.833,0.833]},"o":{"x":[0.167,0.167,0.167],"y":[0.167,0.167,0.167]},"t":14,"s":[989.545,989.545,100]},{"i":{"x":[0.833,0.833,0.833],"y":[0.833,0.833,0.833]},"o":{"x":[0.167,0.167,0.167],"y":[0.167,0.167,0.167]},"t":15,"s":[987.356,987.356,100]},{"i":{"x":[0.833,0.833,0.833],"y":[0.833,0.833,0.833]},"o":{"x":[0.167,0.167,0.167],"y":[0.167,0.167,0.167]},"t":16,"s":[984.868,984.868,100]},{"i":{"x":[0.833,0.833,0.833],"y":[0.833,0.833,0.833]},"o":{"x":[0.167,0.167,0.167],"y":[0.167,0.167,0.167]},"t":17,"s":[982.047,982.047,100]},{"i":{"x":[0.833,0.833,0.833],"y":[0.833,0.833,0.833]},"o":{"x":[0.167,0.167,0.167],"y":[0.167,0.167,0.167]},"t":18,"s":[978.855,978.855,100]},{"i":{"x":[0.833,0.833,0.833],"y":[0.833,0.833,0.833]},"o":{"x":[0.167,0.167,0.167],"y":[0.167,0.167,0.167]},"t":19,"s":[975.244,975.244,100]},{"i":{"x":[0.833,0.833,0.833],"y":[0.833,0.833,0.833]},"o":{"x":[0.167,0.167,0.167],"y":[0.167,0.167,0.167]},"t":20,"s":[971.157,971.157,100]},{"i":{"x":[0.833,0.833,0.833],"y":[0.833,0.833,0.833]},"o":{"x":[0.167,0.167,0.167],"y":[0.167,0.167,0.167]},"t":21,"s":[966.524,966.524,100]},{"i":{"x":[0.833,0.833,0.833],"y":[0.833,0.833,0.833]},"o":{"x":[0.167,0.167,0.167],"y":[0.167,0.167,0.167]},"t":22,"s":[961.259,961.259,100]},{"i":{"x":[0.833,0.833,0.833],"y":[0.833,0.833,0.833]},"o":{"x":[0.167,0.167,0.167],"y":[0.167,0.167,0.167]},"t":23,"s":[955.253,955.253,100]},{"i":{"x":[0.833,0.833,0.833],"y":[0.833,0.833,0.833]},"o":{"x":[0.167,0.167,0.167],"y":[0.167,0.167,0.167]},"t":24,"s":[948.371,948.371,100]},{"i":{"x":[0.833,0.833,0.833],"y":[0.833,0.833,0.833]},"o":{"x":[0.167,0.167,0.167],"y":[0.167,0.167,0.167]},"t":25,"s":[940.436,940.436,100]},{"i":{"x":[0.833,0.833,0.833],"y":[0.833,0.833,0.833]},"o":{"x":[0.167,0.167,0.167],"y":[0.167,0.167,0.167]},"t":26,"s":[931.217,931.217,100]},{"i":{"x":[0.833,0.833,0.833],"y":[0.833,0.833,0.833]},"o":{"x":[0.167,0.167,0.167],"y":[0.167,0.167,0.167]},"t":27,"s":[920.414,920.414,100]},{"i":{"x":[0.833,0.833,0.833],"y":[0.833,0.833,0.833]},"o":{"x":[0.167,0.167,0.167],"y":[0.167,0.167,0.167]},"t":28,"s":[907.639,907.639,100]},{"i":{"x":[0.833,0.833,0.833],"y":[0.833,0.833,0.833]},"o":{"x":[0.167,0.167,0.167],"y":[0.167,0.167,0.167]},"t":29,"s":[892.422,892.422,100]},{"i":{"x":[0.833,0.833,0.833],"y":[0.833,0.833,0.833]},"o":{"x":[0.167,0.167,0.167],"y":[0.167,0.167,0.167]},"t":30,"s":[874.309,874.309,100]},{"i":{"x":[0.833,0.833,0.833],"y":[0.833,0.833,0.833]},"o":{"x":[0.167,0.167,0.167],"y":[0.167,0.167,0.167]},"t":31,"s":[853.202,853.202,100]},{"i":{"x":[0.833,0.833,0.833],"y":[0.833,0.833,0.833]},"o":{"x":[0.167,0.167,0.167],"y":[0.167,0.167,0.167]},"t":33,"s":[806.798,806.798,100]},{"i":{"x":[0.833,0.833,0.833],"y":[0.833,0.833,0.833]},"o":{"x":[0.167,0.167,0.167],"y":[0.167,0.167,0.167]},"t":34,"s":[785.691,785.691,100]},{"i":{"x":[0.833,0.833,0.833],"y":[0.833,0.833,0.833]},"o":{"x":[0.167,0.167,0.167],"y":[0.167,0.167,0.167]},"t":35,"s":[767.578,767.578,100]},{"i":{"x":[0.833,0.833,0.833],"y":[0.833,0.833,0.833]},"o":{"x":[0.167,0.167,0.167],"y":[0.167,0.167,0.167]},"t":36,"s":[752.361,752.361,100]},{"i":{"x":[0.833,0.833,0.833],"y":[0.833,0.833,0.833]},"o":{"x":[0.167,0.167,0.167],"y":[0.167,0.167,0.167]},"t":37,"s":[739.586,739.586,100]},{"i":{"x":[0.833,0.833,0.833],"y":[0.833,0.833,0.833]},"o":{"x":[0.167,0.167,0.167],"y":[0.167,0.167,0.167]},"t":38,"s":[728.783,728.783,100]},{"i":{"x":[0.833,0.833,0.833],"y":[0.833,0.833,0.833]},"o":{"x":[0.167,0.167,0.167],"y":[0.167,0.167,0.167]},"t":39,"s":[719.564,719.564,100]},{"i":{"x":[0.833,0.833,0.833],"y":[0.833,0.833,0.833]},"o":{"x":[0.167,0.167,0.167],"y":[0.167,0.167,0.167]},"t":40,"s":[711.629,711.629,100]},{"i":{"x":[0.833,0.833,0.833],"y":[0.833,0.833,0.833]},"o":{"x":[0.167,0.167,0.167],"y":[0.167,0.167,0.167]},"t":41,"s":[704.747,704.747,100]},{"i":{"x":[0.833,0.833,0.833],"y":[0.833,0.833,0.833]},"o":{"x":[0.167,0.167,0.167],"y":[0.167,0.167,0.167]},"t":42,"s":[698.741,698.741,100]},{"i":{"x":[0.833,0.833,0.833],"y":[0.833,0.833,0.833]},"o":{"x":[0.167,0.167,0.167],"y":[0.167,0.167,0.167]},"t":43,"s":[693.476,693.476,100]},{"i":{"x":[0.833,0.833,0.833],"y":[0.833,0.833,0.833]},"o":{"x":[0.167,0.167,0.167],"y":[0.167,0.167,0.167]},"t":44,"s":[688.843,688.843,100]},{"i":{"x":[0.833,0.833,0.833],"y":[0.833,0.833,0.833]},"o":{"x":[0.167,0.167,0.167],"y":[0.167,0.167,0.167]},"t":45,"s":[684.756,684.756,100]},{"i":{"x":[0.833,0.833,0.833],"y":[0.833,0.833,0.833]},"o":{"x":[0.167,0.167,0.167],"y":[0.167,0.167,0.167]},"t":46,"s":[681.145,681.145,100]},{"i":{"x":[0.833,0.833,0.833],"y":[0.833,0.833,0.833]},"o":{"x":[0.167,0.167,0.167],"y":[0.167,0.167,0.167]},"t":47,"s":[677.953,677.953,100]},{"i":{"x":[0.833,0.833,0.833],"y":[0.833,0.833,0.833]},"o":{"x":[0.167,0.167,0.167],"y":[0.167,0.167,0.167]},"t":48,"s":[675.132,675.132,100]},{"i":{"x":[0.833,0.833,0.833],"y":[0.833,0.833,0.833]},"o":{"x":[0.167,0.167,0.167],"y":[0.167,0.167,0.167]},"t":49,"s":[672.644,672.644,100]},{"i":{"x":[0.833,0.833,0.833],"y":[0.833,0.833,0.833]},"o":{"x":[0.167,0.167,0.167],"y":[0.167,0.167,0.167]},"t":50,"s":[670.455,670.455,100]},{"i":{"x":[0.833,0.833,0.833],"y":[0.833,0.833,0.833]},"o":{"x":[0.167,0.167,0.167],"y":[0.167,0.167,0.167]},"t":51,"s":[668.536,668.536,100]},{"i":{"x":[0.833,0.833,0.833],"y":[0.833,0.833,0.833]},"o":{"x":[0.167,0.167,0.167],"y":[0.167,0.167,0.167]},"t":52,"s":[666.862,666.862,100]},{"i":{"x":[0.833,0.833,0.833],"y":[0.833,0.833,0.833]},"o":{"x":[0.167,0.167,0.167],"y":[0.167,0.167,0.167]},"t":53,"s":[665.412,665.412,100]},{"i":{"x":[0.833,0.833,0.833],"y":[0.833,0.833,0.833]},"o":{"x":[0.167,0.167,0.167],"y":[0.167,0.167,0.167]},"t":54,"s":[664.168,664.168,100]},{"i":{"x":[0.833,0.833,0.833],"y":[0.833,0.833,0.833]},"o":{"x":[0.167,0.167,0.167],"y":[0.167,0.167,0.167]},"t":55,"s":[663.113,663.113,100]},{"i":{"x":[0.833,0.833,0.833],"y":[0.833,0.833,0.833]},"o":{"x":[0.167,0.167,0.167],"y":[0.167,0.167,0.167]},"t":56,"s":[662.233,662.233,100]},{"i":{"x":[0.833,0.833,0.833],"y":[0.833,0.833,0.833]},"o":{"x":[0.167,0.167,0.167],"y":[0.167,0.167,0.167]},"t":57,"s":[661.515,661.515,100]},{"i":{"x":[0.833,0.833,0.833],"y":[0.833,0.833,0.833]},"o":{"x":[0.167,0.167,0.167],"y":[0.167,0.167,0.167]},"t":58,"s":[660.948,660.948,100]},{"i":{"x":[0.833,0.833,0.833],"y":[0.833,0.833,0.833]},"o":{"x":[0.167,0.167,0.167],"y":[0.167,0.167,0.167]},"t":59,"s":[660.522,660.522,100]},{"i":{"x":[0.833,0.833,0.833],"y":[0.833,0.833,0.833]},"o":{"x":[0.167,0.167,0.167],"y":[0.167,0.167,0.167]},"t":60,"s":[660.227,660.227,100]},{"i":{"x":[0.833,0.833,0.833],"y":[0.833,0.833,0.833]},"o":{"x":[0.167,0.167,0.167],"y":[0.167,0.167,0.167]},"t":61,"s":[660.056,660.056,100]},{"i":{"x":[0.833,0.833,0.833],"y":[0.833,0.833,0.833]},"o":{"x":[0.167,0.167,0.167],"y":[0.167,0.167,0.167]},"t":62,"s":[660,660,100]},{"i":{"x":[0.833,0.833,0.833],"y":[0.833,0.833,0.833]},"o":{"x":[0.167,0.167,0.167],"y":[0.167,0.167,0.167]},"t":63,"s":[660.227,660.227,100]},{"i":{"x":[0.833,0.833,0.833],"y":[0.833,0.833,0.833]},"o":{"x":[0.167,0.167,0.167],"y":[0.167,0.167,0.167]},"t":64,"s":[660.948,660.948,100]},{"i":{"x":[0.833,0.833,0.833],"y":[0.833,0.833,0.833]},"o":{"x":[0.167,0.167,0.167],"y":[0.167,0.167,0.167]},"t":65,"s":[662.233,662.233,100]},{"i":{"x":[0.833,0.833,0.833],"y":[0.833,0.833,0.833]},"o":{"x":[0.167,0.167,0.167],"y":[0.167,0.167,0.167]},"t":66,"s":[664.168,664.168,100]},{"i":{"x":[0.833,0.833,0.833],"y":[0.833,0.833,0.833]},"o":{"x":[0.167,0.167,0.167],"y":[0.167,0.167,0.167]},"t":67,"s":[666.862,666.862,100]},{"i":{"x":[0.833,0.833,0.833],"y":[0.833,0.833,0.833]},"o":{"x":[0.167,0.167,0.167],"y":[0.167,0.167,0.167]},"t":68,"s":[670.455,670.455,100]},{"i":{"x":[0.833,0.833,0.833],"y":[0.833,0.833,0.833]},"o":{"x":[0.167,0.167,0.167],"y":[0.167,0.167,0.167]},"t":69,"s":[675.132,675.132,100]},{"i":{"x":[0.833,0.833,0.833],"y":[0.833,0.833,0.833]},"o":{"x":[0.167,0.167,0.167],"y":[0.167,0.167,0.167]},"t":70,"s":[681.145,681.145,100]},{"i":{"x":[0.833,0.833,0.833],"y":[0.833,0.833,0.833]},"o":{"x":[0.167,0.167,0.167],"y":[0.167,0.167,0.167]},"t":71,"s":[688.843,688.843,100]},{"i":{"x":[0.833,0.833,0.833],"y":[0.833,0.833,0.833]},"o":{"x":[0.167,0.167,0.167],"y":[0.167,0.167,0.167]},"t":72,"s":[698.741,698.741,100]},{"i":{"x":[0.833,0.833,0.833],"y":[0.833,0.833,0.833]},"o":{"x":[0.167,0.167,0.167],"y":[0.167,0.167,0.167]},"t":73,"s":[711.629,711.629,100]},{"i":{"x":[0.833,0.833,0.833],"y":[0.833,0.833,0.833]},"o":{"x":[0.167,0.167,0.167],"y":[0.167,0.167,0.167]},"t":74,"s":[728.783,728.783,100]},{"i":{"x":[0.833,0.833,0.833],"y":[0.833,0.833,0.833]},"o":{"x":[0.167,0.167,0.167],"y":[0.167,0.167,0.167]},"t":75,"s":[752.361,752.361,100]},{"i":{"x":[0.833,0.833,0.833],"y":[0.833,0.833,0.833]},"o":{"x":[0.167,0.167,0.167],"y":[0.167,0.167,0.167]},"t":76,"s":[785.691,785.691,100]},{"i":{"x":[0.833,0.833,0.833],"y":[0.833,0.833,0.833]},"o":{"x":[0.167,0.167,0.167],"y":[0.167,0.167,0.167]},"t":78,"s":[874.309,874.309,100]},{"i":{"x":[0.833,0.833,0.833],"y":[0.833,0.833,0.833]},"o":{"x":[0.167,0.167,0.167],"y":[0.167,0.167,0.167]},"t":79,"s":[907.639,907.639,100]},{"i":{"x":[0.833,0.833,0.833],"y":[0.833,0.833,0.833]},"o":{"x":[0.167,0.167,0.167],"y":[0.167,0.167,0.167]},"t":80,"s":[931.217,931.217,100]},{"i":{"x":[0.833,0.833,0.833],"y":[0.833,0.833,0.833]},"o":{"x":[0.167,0.167,0.167],"y":[0.167,0.167,0.167]},"t":81,"s":[948.371,948.371,100]},{"i":{"x":[0.833,0.833,0.833],"y":[0.833,0.833,0.833]},"o":{"x":[0.167,0.167,0.167],"y":[0.167,0.167,0.167]},"t":82,"s":[961.259,961.259,100]},{"i":{"x":[0.833,0.833,0.833],"y":[0.833,0.833,0.833]},"o":{"x":[0.167,0.167,0.167],"y":[0.167,0.167,0.167]},"t":83,"s":[971.157,971.157,100]},{"i":{"x":[0.833,0.833,0.833],"y":[0.833,0.833,0.833]},"o":{"x":[0.167,0.167,0.167],"y":[0.167,0.167,0.167]},"t":84,"s":[978.855,978.855,100]},{"i":{"x":[0.833,0.833,0.833],"y":[0.833,0.833,0.833]},"o":{"x":[0.167,0.167,0.167],"y":[0.167,0.167,0.167]},"t":85,"s":[984.868,984.868,100]},{"i":{"x":[0.833,0.833,0.833],"y":[0.833,0.833,0.833]},"o":{"x":[0.167,0.167,0.167],"y":[0.167,0.167,0.167]},"t":86,"s":[989.545,989.545,100]},{"i":{"x":[0.833,0.833,0.833],"y":[0.833,0.833,0.833]},"o":{"x":[0.167,0.167,0.167],"y":[0.167,0.167,0.167]},"t":87,"s":[993.138,993.138,100]},{"i":{"x":[0.833,0.833,0.833],"y":[0.833,0.833,0.833]},"o":{"x":[0.167,0.167,0.167],"y":[0.167,0.167,0.167]},"t":88,"s":[995.832,995.832,100]},{"i":{"x":[0.833,0.833,0.833],"y":[0.833,0.833,0.833]},"o":{"x":[0.167,0.167,0.167],"y":[0.167,0.167,0.167]},"t":89,"s":[997.767,997.767,100]},{"i":{"x":[0.833,0.833,0.833],"y":[0.833,0.833,0.833]},"o":{"x":[0.167,0.167,0.167],"y":[0.167,0.167,0.167]},"t":90,"s":[999.052,999.052,100]},{"i":{"x":[0.833,0.833,0.833],"y":[0.833,0.833,0.833]},"o":{"x":[0.167,0.167,0.167],"y":[0.167,0.167,0.167]},"t":91,"s":[999.773,999.773,100]},{"i":{"x":[0.833,0.833,0.833],"y":[0.833,0.833,0.833]},"o":{"x":[0.167,0.167,0.167],"y":[0.167,0.167,0.167]},"t":92,"s":[1000,1000,100]},{"i":{"x":[0.833,0.833,0.833],"y":[0.833,0.833,0.833]},"o":{"x":[0.167,0.167,0.167],"y":[0.167,0.167,0.167]},"t":93,"s":[999.944,999.944,100]},{"i":{"x":[0.833,0.833,0.833],"y":[0.833,0.833,0.833]},"o":{"x":[0.167,0.167,0.167],"y":[0.167,0.167,0.167]},"t":94,"s":[999.773,999.773,100]},{"i":{"x":[0.833,0.833,0.833],"y":[0.833,0.833,0.833]},"o":{"x":[0.167,0.167,0.167],"y":[0.167,0.167,0.167]},"t":95,"s":[999.478,999.478,100]},{"i":{"x":[0.833,0.833,0.833],"y":[0.833,0.833,0.833]},"o":{"x":[0.167,0.167,0.167],"y":[0.167,0.167,0.167]},"t":96,"s":[999.052,999.052,100]},{"i":{"x":[0.833,0.833,0.833],"y":[0.833,0.833,0.833]},"o":{"x":[0.167,0.167,0.167],"y":[0.167,0.167,0.167]},"t":97,"s":[998.485,998.485,100]},{"i":{"x":[0.833,0.833,0.833],"y":[0.833,0.833,0.833]},"o":{"x":[0.167,0.167,0.167],"y":[0.167,0.167,0.167]},"t":98,"s":[997.767,997.767,100]},{"i":{"x":[0.833,0.833,0.833],"y":[0.833,0.833,0.833]},"o":{"x":[0.167,0.167,0.167],"y":[0.167,0.167,0.167]},"t":99,"s":[996.887,996.887,100]},{"i":{"x":[0.833,0.833,0.833],"y":[0.833,0.833,0.833]},"o":{"x":[0.167,0.167,0.167],"y":[0.167,0.167,0.167]},"t":100,"s":[995.832,995.832,100]},{"i":{"x":[0.833,0.833,0.833],"y":[0.833,0.833,0.833]},"o":{"x":[0.167,0.167,0.167],"y":[0.167,0.167,0.167]},"t":101,"s":[994.588,994.588,100]},{"i":{"x":[0.833,0.833,0.833],"y":[0.833,0.833,0.833]},"o":{"x":[0.167,0.167,0.167],"y":[0.167,0.167,0.167]},"t":102,"s":[993.138,993.138,100]},{"i":{"x":[0.833,0.833,0.833],"y":[0.833,0.833,0.833]},"o":{"x":[0.167,0.167,0.167],"y":[0.167,0.167,0.167]},"t":103,"s":[991.464,991.464,100]},{"i":{"x":[0.833,0.833,0.833],"y":[0.833,0.833,0.833]},"o":{"x":[0.167,0.167,0.167],"y":[0.167,0.167,0.167]},"t":104,"s":[989.545,989.545,100]},{"i":{"x":[0.833,0.833,0.833],"y":[0.833,0.833,0.833]},"o":{"x":[0.167,0.167,0.167],"y":[0.167,0.167,0.167]},"t":105,"s":[987.356,987.356,100]},{"i":{"x":[0.833,0.833,0.833],"y":[0.833,0.833,0.833]},"o":{"x":[0.167,0.167,0.167],"y":[0.167,0.167,0.167]},"t":106,"s":[984.868,984.868,100]},{"i":{"x":[0.833,0.833,0.833],"y":[0.833,0.833,0.833]},"o":{"x":[0.167,0.167,0.167],"y":[0.167,0.167,0.167]},"t":107,"s":[982.047,982.047,100]},{"i":{"x":[0.833,0.833,0.833],"y":[0.833,0.833,0.833]},"o":{"x":[0.167,0.167,0.167],"y":[0.167,0.167,0.167]},"t":108,"s":[978.855,978.855,100]},{"i":{"x":[0.833,0.833,0.833],"y":[0.833,0.833,0.833]},"o":{"x":[0.167,0.167,0.167],"y":[0.167,0.167,0.167]},"t":109,"s":[975.244,975.244,100]},{"i":{"x":[0.833,0.833,0.833],"y":[0.833,0.833,0.833]},"o":{"x":[0.167,0.167,0.167],"y":[0.167,0.167,0.167]},"t":110,"s":[971.157,971.157,100]},{"i":{"x":[0.833,0.833,0.833],"y":[0.833,0.833,0.833]},"o":{"x":[0.167,0.167,0.167],"y":[0.167,0.167,0.167]},"t":111,"s":[966.524,966.524,100]},{"i":{"x":[0.833,0.833,0.833],"y":[0.833,0.833,0.833]},"o":{"x":[0.167,0.167,0.167],"y":[0.167,0.167,0.167]},"t":112,"s":[961.259,961.259,100]},{"i":{"x":[0.833,0.833,0.833],"y":[0.833,0.833,0.833]},"o":{"x":[0.167,0.167,0.167],"y":[0.167,0.167,0.167]},"t":113,"s":[955.253,955.253,100]},{"i":{"x":[0.833,0.833,0.833],"y":[0.833,0.833,0.833]},"o":{"x":[0.167,0.167,0.167],"y":[0.167,0.167,0.167]},"t":114,"s":[948.371,948.371,100]},{"i":{"x":[0.833,0.833,0.833],"y":[0.833,0.833,0.833]},"o":{"x":[0.167,0.167,0.167],"y":[0.167,0.167,0.167]},"t":115,"s":[940.436,940.436,100]},{"i":{"x":[0.833,0.833,0.833],"y":[0.833,0.833,0.833]},"o":{"x":[0.167,0.167,0.167],"y":[0.167,0.167,0.167]},"t":116,"s":[931.217,931.217,100]},{"i":{"x":[0.833,0.833,0.833],"y":[0.833,0.833,0.833]},"o":{"x":[0.167,0.167,0.167],"y":[0.167,0.167,0.167]},"t":117,"s":[920.414,920.414,100]},{"i":{"x":[0.833,0.833,0.833],"y":[0.833,0.833,0.833]},"o":{"x":[0.167,0.167,0.167],"y":[0.167,0.167,0.167]},"t":118,"s":[907.639,907.639,100]},{"i":{"x":[0.833,0.833,0.833],"y":[0.833,0.833,0.833]},"o":{"x":[0.167,0.167,0.167],"y":[0.167,0.167,0.167]},"t":119,"s":[892.422,892.422,100]},{"i":{"x":[0.833,0.833,0.833],"y":[0.833,0.833,0.833]},"o":{"x":[0.167,0.167,0.167],"y":[0.167,0.167,0.167]},"t":120,"s":[874.309,874.309,100]},{"i":{"x":[0.833,0.833,0.833],"y":[0.833,0.833,0.833]},"o":{"x":[0.167,0.167,0.167],"y":[0.167,0.167,0.167]},"t":121,"s":[853.202,853.202,100]},{"i":{"x":[0.833,0.833,0.833],"y":[0.833,0.833,0.833]},"o":{"x":[0.167,0.167,0.167],"y":[0.167,0.167,0.167]},"t":123,"s":[806.798,806.798,100]},{"i":{"x":[0.833,0.833,0.833],"y":[0.833,0.833,0.833]},"o":{"x":[0.167,0.167,0.167],"y":[0.167,0.167,0.167]},"t":124,"s":[785.691,785.691,100]},{"i":{"x":[0.833,0.833,0.833],"y":[0.833,0.833,0.833]},"o":{"x":[0.167,0.167,0.167],"y":[0.167,0.167,0.167]},"t":125,"s":[767.578,767.578,100]},{"i":{"x":[0.833,0.833,0.833],"y":[0.833,0.833,0.833]},"o":{"x":[0.167,0.167,0.167],"y":[0.167,0.167,0.167]},"t":126,"s":[752.361,752.361,100]},{"i":{"x":[0.833,0.833,0.833],"y":[0.833,0.833,0.833]},"o":{"x":[0.167,0.167,0.167],"y":[0.167,0.167,0.167]},"t":127,"s":[739.586,739.586,100]},{"i":{"x":[0.833,0.833,0.833],"y":[0.833,0.833,0.833]},"o":{"x":[0.167,0.167,0.167],"y":[0.167,0.167,0.167]},"t":128,"s":[728.783,728.783,100]},{"i":{"x":[0.833,0.833,0.833],"y":[0.833,0.833,0.833]},"o":{"x":[0.167,0.167,0.167],"y":[0.167,0.167,0.167]},"t":129,"s":[719.564,719.564,100]},{"i":{"x":[0.833,0.833,0.833],"y":[0.833,0.833,0.833]},"o":{"x":[0.167,0.167,0.167],"y":[0.167,0.167,0.167]},"t":130,"s":[711.629,711.629,100]},{"i":{"x":[0.833,0.833,0.833],"y":[0.833,0.833,0.833]},"o":{"x":[0.167,0.167,0.167],"y":[0.167,0.167,0.167]},"t":131,"s":[704.747,704.747,100]},{"i":{"x":[0.833,0.833,0.833],"y":[0.833,0.833,0.833]},"o":{"x":[0.167,0.167,0.167],"y":[0.167,0.167,0.167]},"t":132,"s":[698.741,698.741,100]},{"i":{"x":[0.833,0.833,0.833],"y":[0.833,0.833,0.833]},"o":{"x":[0.167,0.167,0.167],"y":[0.167,0.167,0.167]},"t":133,"s":[693.476,693.476,100]},{"i":{"x":[0.833,0.833,0.833],"y":[0.833,0.833,0.833]},"o":{"x":[0.167,0.167,0.167],"y":[0.167,0.167,0.167]},"t":134,"s":[688.843,688.843,100]},{"i":{"x":[0.833,0.833,0.833],"y":[0.833,0.833,0.833]},"o":{"x":[0.167,0.167,0.167],"y":[0.167,0.167,0.167]},"t":135,"s":[684.756,684.756,100]},{"i":{"x":[0.833,0.833,0.833],"y":[0.833,0.833,0.833]},"o":{"x":[0.167,0.167,0.167],"y":[0.167,0.167,0.167]},"t":136,"s":[681.145,681.145,100]},{"i":{"x":[0.833,0.833,0.833],"y":[0.833,0.833,0.833]},"o":{"x":[0.167,0.167,0.167],"y":[0.167,0.167,0.167]},"t":137,"s":[677.953,677.953,100]},{"i":{"x":[0.833,0.833,0.833],"y":[0.833,0.833,0.833]},"o":{"x":[0.167,0.167,0.167],"y":[0.167,0.167,0.167]},"t":138,"s":[675.132,675.132,100]},{"i":{"x":[0.833,0.833,0.833],"y":[0.833,0.833,0.833]},"o":{"x":[0.167,0.167,0.167],"y":[0.167,0.167,0.167]},"t":139,"s":[672.644,672.644,100]},{"i":{"x":[0.833,0.833,0.833],"y":[0.833,0.833,0.833]},"o":{"x":[0.167,0.167,0.167],"y":[0.167,0.167,0.167]},"t":140,"s":[670.455,670.455,100]},{"i":{"x":[0.833,0.833,0.833],"y":[0.833,0.833,0.833]},"o":{"x":[0.167,0.167,0.167],"y":[0.167,0.167,0.167]},"t":141,"s":[668.536,668.536,100]},{"i":{"x":[0.833,0.833,0.833],"y":[0.833,0.833,0.833]},"o":{"x":[0.167,0.167,0.167],"y":[0.167,0.167,0.167]},"t":142,"s":[666.862,666.862,100]},{"i":{"x":[0.833,0.833,0.833],"y":[0.833,0.833,0.833]},"o":{"x":[0.167,0.167,0.167],"y":[0.167,0.167,0.167]},"t":143,"s":[665.412,665.412,100]},{"i":{"x":[0.833,0.833,0.833],"y":[0.833,0.833,0.833]},"o":{"x":[0.167,0.167,0.167],"y":[0.167,0.167,0.167]},"t":144,"s":[664.168,664.168,100]},{"i":{"x":[0.833,0.833,0.833],"y":[0.833,0.833,0.833]},"o":{"x":[0.167,0.167,0.167],"y":[0.167,0.167,0.167]},"t":145,"s":[663.113,663.113,100]},{"i":{"x":[0.833,0.833,0.833],"y":[0.833,0.833,0.833]},"o":{"x":[0.167,0.167,0.167],"y":[0.167,0.167,0.167]},"t":146,"s":[662.233,662.233,100]},{"i":{"x":[0.833,0.833,0.833],"y":[0.833,0.833,0.833]},"o":{"x":[0.167,0.167,0.167],"y":[0.167,0.167,0.167]},"t":147,"s":[661.515,661.515,100]},{"i":{"x":[0.833,0.833,0.833],"y":[0.833,0.833,0.833]},"o":{"x":[0.167,0.167,0.167],"y":[0.167,0.167,0.167]},"t":148,"s":[660.948,660.948,100]},{"i":{"x":[0.833,0.833,0.833],"y":[0.833,0.833,0.833]},"o":{"x":[0.167,0.167,0.167],"y":[0.167,0.167,0.167]},"t":149,"s":[660.522,660.522,100]},{"i":{"x":[0.833,0.833,0.833],"y":[0.833,0.833,0.833]},"o":{"x":[0.167,0.167,0.167],"y":[0.167,0.167,0.167]},"t":150,"s":[660.227,660.227,100]},{"i":{"x":[0.833,0.833,0.833],"y":[0.833,0.833,0.833]},"o":{"x":[0.167,0.167,0.167],"y":[0.167,0.167,0.167]},"t":151,"s":[660.056,660.056,100]},{"i":{"x":[0.833,0.833,0.833],"y":[0.833,0.833,0.833]},"o":{"x":[0.167,0.167,0.167],"y":[0.167,0.167,0.167]},"t":152,"s":[660,660,100]},{"i":{"x":[0.833,0.833,0.833],"y":[0.833,0.833,0.833]},"o":{"x":[0.167,0.167,0.167],"y":[0.167,0.167,0.167]},"t":153,"s":[660.243,660.243,100]},{"i":{"x":[0.833,0.833,0.833],"y":[0.833,0.833,0.833]},"o":{"x":[0.167,0.167,0.167],"y":[0.167,0.167,0.167]},"t":154,"s":[661.018,661.018,100]},{"i":{"x":[0.833,0.833,0.833],"y":[0.833,0.833,0.833]},"o":{"x":[0.167,0.167,0.167],"y":[0.167,0.167,0.167]},"t":155,"s":[662.401,662.401,100]},{"i":{"x":[0.833,0.833,0.833],"y":[0.833,0.833,0.833]},"o":{"x":[0.167,0.167,0.167],"y":[0.167,0.167,0.167]},"t":156,"s":[664.491,664.491,100]},{"i":{"x":[0.833,0.833,0.833],"y":[0.833,0.833,0.833]},"o":{"x":[0.167,0.167,0.167],"y":[0.167,0.167,0.167]},"t":157,"s":[667.412,667.412,100]},{"i":{"x":[0.833,0.833,0.833],"y":[0.833,0.833,0.833]},"o":{"x":[0.167,0.167,0.167],"y":[0.167,0.167,0.167]},"t":158,"s":[671.327,671.327,100]},{"i":{"x":[0.833,0.833,0.833],"y":[0.833,0.833,0.833]},"o":{"x":[0.167,0.167,0.167],"y":[0.167,0.167,0.167]},"t":159,"s":[676.45,676.45,100]},{"i":{"x":[0.833,0.833,0.833],"y":[0.833,0.833,0.833]},"o":{"x":[0.167,0.167,0.167],"y":[0.167,0.167,0.167]},"t":160,"s":[683.082,683.082,100]},{"i":{"x":[0.833,0.833,0.833],"y":[0.833,0.833,0.833]},"o":{"x":[0.167,0.167,0.167],"y":[0.167,0.167,0.167]},"t":161,"s":[691.649,691.649,100]},{"i":{"x":[0.833,0.833,0.833],"y":[0.833,0.833,0.833]},"o":{"x":[0.167,0.167,0.167],"y":[0.167,0.167,0.167]},"t":162,"s":[702.796,702.796,100]},{"i":{"x":[0.833,0.833,0.833],"y":[0.833,0.833,0.833]},"o":{"x":[0.167,0.167,0.167],"y":[0.167,0.167,0.167]},"t":163,"s":[717.541,717.541,100]},{"i":{"x":[0.833,0.833,0.833],"y":[0.833,0.833,0.833]},"o":{"x":[0.167,0.167,0.167],"y":[0.167,0.167,0.167]},"t":164,"s":[737.595,737.595,100]},{"i":{"x":[0.833,0.833,0.833],"y":[0.833,0.833,0.833]},"o":{"x":[0.167,0.167,0.167],"y":[0.167,0.167,0.167]},"t":165,"s":[765.876,765.876,100]},{"i":{"x":[0.833,0.833,0.833],"y":[0.833,0.833,0.833]},"o":{"x":[0.167,0.167,0.167],"y":[0.167,0.167,0.167]},"t":166,"s":[806.026,806.026,100]},{"i":{"x":[0.833,0.833,0.833],"y":[0.833,0.833,0.833]},"o":{"x":[0.167,0.167,0.167],"y":[0.167,0.167,0.167]},"t":167,"s":[853.974,853.974,100]},{"i":{"x":[0.833,0.833,0.833],"y":[0.833,0.833,0.833]},"o":{"x":[0.167,0.167,0.167],"y":[0.167,0.167,0.167]},"t":168,"s":[894.124,894.124,100]},{"i":{"x":[0.833,0.833,0.833],"y":[0.833,0.833,0.833]},"o":{"x":[0.167,0.167,0.167],"y":[0.167,0.167,0.167]},"t":169,"s":[922.405,922.405,100]},{"i":{"x":[0.833,0.833,0.833],"y":[0.833,0.833,0.833]},"o":{"x":[0.167,0.167,0.167],"y":[0.167,0.167,0.167]},"t":170,"s":[942.459,942.459,100]},{"i":{"x":[0.833,0.833,0.833],"y":[0.833,0.833,0.833]},"o":{"x":[0.167,0.167,0.167],"y":[0.167,0.167,0.167]},"t":171,"s":[957.204,957.204,100]},{"i":{"x":[0.833,0.833,0.833],"y":[0.833,0.833,0.833]},"o":{"x":[0.167,0.167,0.167],"y":[0.167,0.167,0.167]},"t":172,"s":[968.351,968.351,100]},{"i":{"x":[0.833,0.833,0.833],"y":[0.833,0.833,0.833]},"o":{"x":[0.167,0.167,0.167],"y":[0.167,0.167,0.167]},"t":173,"s":[976.918,976.918,100]},{"i":{"x":[0.833,0.833,0.833],"y":[0.833,0.833,0.833]},"o":{"x":[0.167,0.167,0.167],"y":[0.167,0.167,0.167]},"t":174,"s":[983.55,983.55,100]},{"i":{"x":[0.833,0.833,0.833],"y":[0.833,0.833,0.833]},"o":{"x":[0.167,0.167,0.167],"y":[0.167,0.167,0.167]},"t":175,"s":[988.673,988.673,100]},{"i":{"x":[0.833,0.833,0.833],"y":[0.833,0.833,0.833]},"o":{"x":[0.167,0.167,0.167],"y":[0.167,0.167,0.167]},"t":176,"s":[992.588,992.588,100]},{"i":{"x":[0.833,0.833,0.833],"y":[0.833,0.833,0.833]},"o":{"x":[0.167,0.167,0.167],"y":[0.167,0.167,0.167]},"t":177,"s":[995.509,995.509,100]},{"i":{"x":[0.833,0.833,0.833],"y":[0.833,0.833,0.833]},"o":{"x":[0.167,0.167,0.167],"y":[0.167,0.167,0.167]},"t":178,"s":[997.599,997.599,100]},{"t":179,"s":[998.982,998.982,100]}],"ix":6}},"ao":0,"shapes":[{"ty":"gr","it":[{"ind":0,"ty":"sh","ix":1,"ks":{"a":0,"k":{"i":[[-4.169,0],[0,-4.169],[4.169,0],[0,4.169]],"o":[[4.169,0],[0,4.169],[-4.169,0],[0,-4.169]],"v":[[-0.433,-7.382],[7.116,0.167],[-0.433,7.716],[-7.982,0.167]],"c":true},"ix":2},"nm":"Path 1","mn":"ADBE Vector Shape - Group","hd":false},{"ty":"fl","c":{"a":0,"k":[0.035294119269,0.078431375325,0.250980407,1],"ix":4},"o":{"a":0,"k":100,"ix":5},"r":1,"bm":0,"nm":"Fill 1","mn":"ADBE Vector Graphic - Fill","hd":false},{"ty":"tr","p":{"a":0,"k":[0,0],"ix":2},"a":{"a":0,"k":[0,0],"ix":1},"s":{"a":0,"k":[100,100],"ix":3},"r":{"a":0,"k":0,"ix":6},"o":{"a":0,"k":100,"ix":7},"sk":{"a":0,"k":0,"ix":4},"sa":{"a":0,"k":0,"ix":5},"nm":"Transform"}],"nm":"centre","np":2,"cix":2,"bm":0,"ix":1,"mn":"ADBE Vector Group","hd":false}],"ip":0,"op":182,"st":2,"bm":0},{"ddd":0,"ind":15,"ty":3,"nm":"centre","sr":1,"ks":{"o":{"a":0,"k":0,"ix":11},"r":{"a":1,"k":[{"i":{"x":[0.24],"y":[1]},"o":{"x":[0.76],"y":[0]},"t":2,"s":[0]},{"i":{"x":[0.24],"y":[1]},"o":{"x":[0.76],"y":[0]},"t":49,"s":[180]},{"i":{"x":[0.24],"y":[1]},"o":{"x":[0.76],"y":[0]},"t":92,"s":[180]},{"i":{"x":[0.24],"y":[1]},"o":{"x":[0.76],"y":[0]},"t":150,"s":[360]},{"t":182,"s":[360]}],"ix":10},"p":{"a":0,"k":[1024,1024,0],"ix":2},"a":{"a":0,"k":[0,0,0],"ix":1},"s":{"a":0,"k":[100,100,100],"ix":6}},"ao":0,"ip":0,"op":182,"st":2,"bm":0},{"ddd":0,"ind":16,"ty":4,"nm":"triangle","parent":15,"sr":1,"ks":{"o":{"a":0,"k":100,"ix":11},"r":{"a":1,"k":[{"i":{"x":[0.833],"y":[0.833]},"o":{"x":[0.167],"y":[0.167]},"t":2,"s":[0]},{"i":{"x":[0.833],"y":[0.833]},"o":{"x":[0.167],"y":[0.167]},"t":3.604,"s":[-0.12]},{"i":{"x":[0.833],"y":[0.833]},"o":{"x":[0.167],"y":[0.167]},"t":5.206,"s":[-0.502]},{"i":{"x":[0.833],"y":[0.833]},"o":{"x":[0.167],"y":[0.167]},"t":6.81,"s":[-1.182]},{"i":{"x":[0.833],"y":[0.833]},"o":{"x":[0.167],"y":[0.167]},"t":8.412,"s":[-2.206]},{"i":{"x":[0.833],"y":[0.833]},"o":{"x":[0.167],"y":[0.167]},"t":10.016,"s":[-3.633]},{"i":{"x":[0.833],"y":[0.833]},"o":{"x":[0.167],"y":[0.167]},"t":11.618,"s":[-5.535]},{"i":{"x":[0.833],"y":[0.833]},"o":{"x":[0.167],"y":[0.167]},"t":13.222,"s":[-8.011]},{"i":{"x":[0.833],"y":[0.833]},"o":{"x":[0.167],"y":[0.167]},"t":14.824,"s":[-11.194]},{"i":{"x":[0.833],"y":[0.833]},"o":{"x":[0.167],"y":[0.167]},"t":16.428,"s":[-15.27]},{"i":{"x":[0.833],"y":[0.833]},"o":{"x":[0.167],"y":[0.167]},"t":18.03,"s":[-20.51]},{"i":{"x":[0.833],"y":[0.833]},"o":{"x":[0.167],"y":[0.167]},"t":19.634,"s":[-27.333]},{"i":{"x":[0.833],"y":[0.833]},"o":{"x":[0.167],"y":[0.167]},"t":21.236,"s":[-36.414]},{"i":{"x":[0.833],"y":[0.833]},"o":{"x":[0.167],"y":[0.167]},"t":22.84,"s":[-48.897]},{"i":{"x":[0.833],"y":[0.833]},"o":{"x":[0.167],"y":[0.167]},"t":24.442,"s":[-66.542]},{"i":{"x":[0.833],"y":[0.833]},"o":{"x":[0.167],"y":[0.167]},"t":27.648,"s":[-113.458]},{"i":{"x":[0.833],"y":[0.833]},"o":{"x":[0.167],"y":[0.167]},"t":29.252,"s":[-131.103]},{"i":{"x":[0.833],"y":[0.833]},"o":{"x":[0.167],"y":[0.167]},"t":30.854,"s":[-143.586]},{"i":{"x":[0.833],"y":[0.833]},"o":{"x":[0.167],"y":[0.167]},"t":32.458,"s":[-152.667]},{"i":{"x":[0.833],"y":[0.833]},"o":{"x":[0.167],"y":[0.167]},"t":34.061,"s":[-159.49]},{"i":{"x":[0.833],"y":[0.833]},"o":{"x":[0.167],"y":[0.167]},"t":35.664,"s":[-164.73]},{"i":{"x":[0.833],"y":[0.833]},"o":{"x":[0.167],"y":[0.167]},"t":37.267,"s":[-168.806]},{"i":{"x":[0.833],"y":[0.833]},"o":{"x":[0.167],"y":[0.167]},"t":38.87,"s":[-171.989]},{"i":{"x":[0.833],"y":[0.833]},"o":{"x":[0.167],"y":[0.167]},"t":40.473,"s":[-174.465]},{"i":{"x":[0.833],"y":[0.833]},"o":{"x":[0.167],"y":[0.167]},"t":42.076,"s":[-176.367]},{"i":{"x":[0.833],"y":[0.833]},"o":{"x":[0.167],"y":[0.167]},"t":43.679,"s":[-177.794]},{"i":{"x":[0.833],"y":[0.833]},"o":{"x":[0.167],"y":[0.167]},"t":45.282,"s":[-178.818]},{"i":{"x":[0.833],"y":[0.833]},"o":{"x":[0.167],"y":[0.167]},"t":46.885,"s":[-179.498]},{"i":{"x":[0.833],"y":[0.833]},"o":{"x":[0.167],"y":[0.167]},"t":48.488,"s":[-179.88]},{"i":{"x":[0.833],"y":[0.833]},"o":{"x":[0.167],"y":[0.167]},"t":50.091,"s":[-180]},{"i":{"x":[0.833],"y":[0.833]},"o":{"x":[0.167],"y":[0.167]},"t":92,"s":[-180]},{"i":{"x":[0.833],"y":[0.833]},"o":{"x":[0.167],"y":[0.167]},"t":93.942,"s":[-180.12]},{"i":{"x":[0.833],"y":[0.833]},"o":{"x":[0.167],"y":[0.167]},"t":95.885,"s":[-180.502]},{"i":{"x":[0.833],"y":[0.833]},"o":{"x":[0.167],"y":[0.167]},"t":97.828,"s":[-181.182]},{"i":{"x":[0.833],"y":[0.833]},"o":{"x":[0.167],"y":[0.167]},"t":99.771,"s":[-182.206]},{"i":{"x":[0.833],"y":[0.833]},"o":{"x":[0.167],"y":[0.167]},"t":101.713,"s":[-183.633]},{"i":{"x":[0.833],"y":[0.833]},"o":{"x":[0.167],"y":[0.167]},"t":103.655,"s":[-185.535]},{"i":{"x":[0.833],"y":[0.833]},"o":{"x":[0.167],"y":[0.167]},"t":105.598,"s":[-188.011]},{"i":{"x":[0.833],"y":[0.833]},"o":{"x":[0.167],"y":[0.167]},"t":107.541,"s":[-191.194]},{"i":{"x":[0.833],"y":[0.833]},"o":{"x":[0.167],"y":[0.167]},"t":109.483,"s":[-195.27]},{"i":{"x":[0.833],"y":[0.833]},"o":{"x":[0.167],"y":[0.167]},"t":111.426,"s":[-200.51]},{"i":{"x":[0.833],"y":[0.833]},"o":{"x":[0.167],"y":[0.167]},"t":113.368,"s":[-207.333]},{"i":{"x":[0.833],"y":[0.833]},"o":{"x":[0.167],"y":[0.167]},"t":115.311,"s":[-216.414]},{"i":{"x":[0.833],"y":[0.833]},"o":{"x":[0.167],"y":[0.167]},"t":117.253,"s":[-228.897]},{"i":{"x":[0.833],"y":[0.833]},"o":{"x":[0.167],"y":[0.167]},"t":119.196,"s":[-246.542]},{"i":{"x":[0.833],"y":[0.833]},"o":{"x":[0.167],"y":[0.167]},"t":123.081,"s":[-293.458]},{"i":{"x":[0.833],"y":[0.833]},"o":{"x":[0.167],"y":[0.167]},"t":125.023,"s":[-311.103]},{"i":{"x":[0.833],"y":[0.833]},"o":{"x":[0.167],"y":[0.167]},"t":126.966,"s":[-323.586]},{"i":{"x":[0.833],"y":[0.833]},"o":{"x":[0.167],"y":[0.167]},"t":128.909,"s":[-332.667]},{"i":{"x":[0.833],"y":[0.833]},"o":{"x":[0.167],"y":[0.167]},"t":130.852,"s":[-339.49]},{"i":{"x":[0.833],"y":[0.833]},"o":{"x":[0.167],"y":[0.167]},"t":132.794,"s":[-344.73]},{"i":{"x":[0.833],"y":[0.833]},"o":{"x":[0.167],"y":[0.167]},"t":134.736,"s":[-348.806]},{"i":{"x":[0.833],"y":[0.833]},"o":{"x":[0.167],"y":[0.167]},"t":136.679,"s":[-351.989]},{"i":{"x":[0.833],"y":[0.833]},"o":{"x":[0.167],"y":[0.167]},"t":138.622,"s":[-354.465]},{"i":{"x":[0.833],"y":[0.833]},"o":{"x":[0.167],"y":[0.167]},"t":140.564,"s":[-356.367]},{"i":{"x":[0.833],"y":[0.833]},"o":{"x":[0.167],"y":[0.167]},"t":142.507,"s":[-357.794]},{"i":{"x":[0.833],"y":[0.833]},"o":{"x":[0.167],"y":[0.167]},"t":144.449,"s":[-358.818]},{"i":{"x":[0.833],"y":[0.833]},"o":{"x":[0.167],"y":[0.167]},"t":146.392,"s":[-359.498]},{"i":{"x":[0.833],"y":[0.833]},"o":{"x":[0.167],"y":[0.167]},"t":148.334,"s":[-359.88]},{"i":{"x":[0.833],"y":[0.833]},"o":{"x":[0.167],"y":[0.167]},"t":150.277,"s":[-360]},{"t":173,"s":[-360]}],"ix":10},"p":{"a":0,"k":[776.545,-19.985,0],"ix":2},"a":{"a":0,"k":[77.654,-1.999,0],"ix":1},"s":{"a":0,"k":[1000,1000,100],"ix":6}},"ao":0,"shapes":[{"ty":"gr","it":[{"ind":0,"ty":"sh","ix":1,"ks":{"a":0,"k":{"i":[[0,0],[0,0],[0,0],[0,0],[0,0]],"o":[[0,0],[0,0],[0,0],[0,0],[0,0]],"v":[[77.655,-9.486],[81.986,-2.061],[86.317,5.488],[68.992,5.488],[73.323,-2.061]],"c":true},"ix":2},"nm":"Path 1","mn":"ADBE Vector Shape - Group","hd":false},{"ty":"fl","c":{"a":0,"k":[0.035294119269,0.078431375325,0.250980407,1],"ix":4},"o":{"a":0,"k":100,"ix":5},"r":1,"bm":0,"nm":"Fill 1","mn":"ADBE Vector Graphic - Fill","hd":false},{"ty":"tr","p":{"a":0,"k":[0,0],"ix":2},"a":{"a":0,"k":[0,0],"ix":1},"s":{"a":0,"k":[100,100],"ix":3},"r":{"a":0,"k":0,"ix":6},"o":{"a":0,"k":100,"ix":7},"sk":{"a":0,"k":0,"ix":4},"sa":{"a":0,"k":0,"ix":5},"nm":"Transform"}],"nm":"triangle","np":2,"cix":2,"bm":0,"ix":1,"mn":"ADBE Vector Group","hd":false}],"ip":0,"op":182,"st":2,"bm":0},{"ddd":0,"ind":17,"ty":4,"nm":"square","parent":15,"sr":1,"ks":{"o":{"a":0,"k":100,"ix":11},"r":{"a":1,"k":[{"i":{"x":[0.833],"y":[0.833]},"o":{"x":[0.167],"y":[0.167]},"t":2,"s":[0]},{"i":{"x":[0.833],"y":[0.833]},"o":{"x":[0.167],"y":[0.167]},"t":3.604,"s":[-0.12]},{"i":{"x":[0.833],"y":[0.833]},"o":{"x":[0.167],"y":[0.167]},"t":5.206,"s":[-0.502]},{"i":{"x":[0.833],"y":[0.833]},"o":{"x":[0.167],"y":[0.167]},"t":6.81,"s":[-1.182]},{"i":{"x":[0.833],"y":[0.833]},"o":{"x":[0.167],"y":[0.167]},"t":8.412,"s":[-2.206]},{"i":{"x":[0.833],"y":[0.833]},"o":{"x":[0.167],"y":[0.167]},"t":10.016,"s":[-3.633]},{"i":{"x":[0.833],"y":[0.833]},"o":{"x":[0.167],"y":[0.167]},"t":11.618,"s":[-5.535]},{"i":{"x":[0.833],"y":[0.833]},"o":{"x":[0.167],"y":[0.167]},"t":13.222,"s":[-8.011]},{"i":{"x":[0.833],"y":[0.833]},"o":{"x":[0.167],"y":[0.167]},"t":14.824,"s":[-11.194]},{"i":{"x":[0.833],"y":[0.833]},"o":{"x":[0.167],"y":[0.167]},"t":16.428,"s":[-15.27]},{"i":{"x":[0.833],"y":[0.833]},"o":{"x":[0.167],"y":[0.167]},"t":18.03,"s":[-20.51]},{"i":{"x":[0.833],"y":[0.833]},"o":{"x":[0.167],"y":[0.167]},"t":19.634,"s":[-27.333]},{"i":{"x":[0.833],"y":[0.833]},"o":{"x":[0.167],"y":[0.167]},"t":21.236,"s":[-36.414]},{"i":{"x":[0.833],"y":[0.833]},"o":{"x":[0.167],"y":[0.167]},"t":22.84,"s":[-48.897]},{"i":{"x":[0.833],"y":[0.833]},"o":{"x":[0.167],"y":[0.167]},"t":24.442,"s":[-66.542]},{"i":{"x":[0.833],"y":[0.833]},"o":{"x":[0.167],"y":[0.167]},"t":27.648,"s":[-113.458]},{"i":{"x":[0.833],"y":[0.833]},"o":{"x":[0.167],"y":[0.167]},"t":29.252,"s":[-131.103]},{"i":{"x":[0.833],"y":[0.833]},"o":{"x":[0.167],"y":[0.167]},"t":30.854,"s":[-143.586]},{"i":{"x":[0.833],"y":[0.833]},"o":{"x":[0.167],"y":[0.167]},"t":32.458,"s":[-152.667]},{"i":{"x":[0.833],"y":[0.833]},"o":{"x":[0.167],"y":[0.167]},"t":34.061,"s":[-159.49]},{"i":{"x":[0.833],"y":[0.833]},"o":{"x":[0.167],"y":[0.167]},"t":35.664,"s":[-164.73]},{"i":{"x":[0.833],"y":[0.833]},"o":{"x":[0.167],"y":[0.167]},"t":37.267,"s":[-168.806]},{"i":{"x":[0.833],"y":[0.833]},"o":{"x":[0.167],"y":[0.167]},"t":38.87,"s":[-171.989]},{"i":{"x":[0.833],"y":[0.833]},"o":{"x":[0.167],"y":[0.167]},"t":40.473,"s":[-174.465]},{"i":{"x":[0.833],"y":[0.833]},"o":{"x":[0.167],"y":[0.167]},"t":42.076,"s":[-176.367]},{"i":{"x":[0.833],"y":[0.833]},"o":{"x":[0.167],"y":[0.167]},"t":43.679,"s":[-177.794]},{"i":{"x":[0.833],"y":[0.833]},"o":{"x":[0.167],"y":[0.167]},"t":45.282,"s":[-178.818]},{"i":{"x":[0.833],"y":[0.833]},"o":{"x":[0.167],"y":[0.167]},"t":46.885,"s":[-179.498]},{"i":{"x":[0.833],"y":[0.833]},"o":{"x":[0.167],"y":[0.167]},"t":48.488,"s":[-179.88]},{"i":{"x":[0.833],"y":[0.833]},"o":{"x":[0.167],"y":[0.167]},"t":50.091,"s":[-180]},{"i":{"x":[0.833],"y":[0.833]},"o":{"x":[0.167],"y":[0.167]},"t":92,"s":[-180]},{"i":{"x":[0.833],"y":[0.833]},"o":{"x":[0.167],"y":[0.167]},"t":93.942,"s":[-180.12]},{"i":{"x":[0.833],"y":[0.833]},"o":{"x":[0.167],"y":[0.167]},"t":95.885,"s":[-180.502]},{"i":{"x":[0.833],"y":[0.833]},"o":{"x":[0.167],"y":[0.167]},"t":97.828,"s":[-181.182]},{"i":{"x":[0.833],"y":[0.833]},"o":{"x":[0.167],"y":[0.167]},"t":99.771,"s":[-182.206]},{"i":{"x":[0.833],"y":[0.833]},"o":{"x":[0.167],"y":[0.167]},"t":101.713,"s":[-183.633]},{"i":{"x":[0.833],"y":[0.833]},"o":{"x":[0.167],"y":[0.167]},"t":103.655,"s":[-185.535]},{"i":{"x":[0.833],"y":[0.833]},"o":{"x":[0.167],"y":[0.167]},"t":105.598,"s":[-188.011]},{"i":{"x":[0.833],"y":[0.833]},"o":{"x":[0.167],"y":[0.167]},"t":107.541,"s":[-191.194]},{"i":{"x":[0.833],"y":[0.833]},"o":{"x":[0.167],"y":[0.167]},"t":109.483,"s":[-195.27]},{"i":{"x":[0.833],"y":[0.833]},"o":{"x":[0.167],"y":[0.167]},"t":111.426,"s":[-200.51]},{"i":{"x":[0.833],"y":[0.833]},"o":{"x":[0.167],"y":[0.167]},"t":113.368,"s":[-207.333]},{"i":{"x":[0.833],"y":[0.833]},"o":{"x":[0.167],"y":[0.167]},"t":115.311,"s":[-216.414]},{"i":{"x":[0.833],"y":[0.833]},"o":{"x":[0.167],"y":[0.167]},"t":117.253,"s":[-228.897]},{"i":{"x":[0.833],"y":[0.833]},"o":{"x":[0.167],"y":[0.167]},"t":119.196,"s":[-246.542]},{"i":{"x":[0.833],"y":[0.833]},"o":{"x":[0.167],"y":[0.167]},"t":123.081,"s":[-293.458]},{"i":{"x":[0.833],"y":[0.833]},"o":{"x":[0.167],"y":[0.167]},"t":125.023,"s":[-311.103]},{"i":{"x":[0.833],"y":[0.833]},"o":{"x":[0.167],"y":[0.167]},"t":126.966,"s":[-323.586]},{"i":{"x":[0.833],"y":[0.833]},"o":{"x":[0.167],"y":[0.167]},"t":128.909,"s":[-332.667]},{"i":{"x":[0.833],"y":[0.833]},"o":{"x":[0.167],"y":[0.167]},"t":130.852,"s":[-339.49]},{"i":{"x":[0.833],"y":[0.833]},"o":{"x":[0.167],"y":[0.167]},"t":132.794,"s":[-344.73]},{"i":{"x":[0.833],"y":[0.833]},"o":{"x":[0.167],"y":[0.167]},"t":134.736,"s":[-348.806]},{"i":{"x":[0.833],"y":[0.833]},"o":{"x":[0.167],"y":[0.167]},"t":136.679,"s":[-351.989]},{"i":{"x":[0.833],"y":[0.833]},"o":{"x":[0.167],"y":[0.167]},"t":138.622,"s":[-354.465]},{"i":{"x":[0.833],"y":[0.833]},"o":{"x":[0.167],"y":[0.167]},"t":140.564,"s":[-356.367]},{"i":{"x":[0.833],"y":[0.833]},"o":{"x":[0.167],"y":[0.167]},"t":142.507,"s":[-357.794]},{"i":{"x":[0.833],"y":[0.833]},"o":{"x":[0.167],"y":[0.167]},"t":144.449,"s":[-358.818]},{"i":{"x":[0.833],"y":[0.833]},"o":{"x":[0.167],"y":[0.167]},"t":146.392,"s":[-359.498]},{"i":{"x":[0.833],"y":[0.833]},"o":{"x":[0.167],"y":[0.167]},"t":148.334,"s":[-359.88]},{"i":{"x":[0.833],"y":[0.833]},"o":{"x":[0.167],"y":[0.167]},"t":150.277,"s":[-360]},{"t":173,"s":[-360]}],"ix":10},"p":{"a":0,"k":[-806.865,2.29,0],"ix":2},"a":{"a":0,"k":[-80.687,0.229,0],"ix":1},"s":{"a":0,"k":[1000,1000,100],"ix":6}},"ao":0,"shapes":[{"ty":"gr","it":[{"ind":0,"ty":"sh","ix":1,"ks":{"a":0,"k":{"i":[[0,0],[0,0],[0,0],[0,0]],"o":[[0,0],[0,0],[0,0],[0,0]],"v":[[-86.317,-5.402],[-75.056,-5.402],[-75.056,5.859],[-86.317,5.859]],"c":true},"ix":2},"nm":"Path 1","mn":"ADBE Vector Shape - Group","hd":false},{"ty":"fl","c":{"a":0,"k":[0.035294119269,0.078431375325,0.250980407,1],"ix":4},"o":{"a":0,"k":100,"ix":5},"r":1,"bm":0,"nm":"Fill 1","mn":"ADBE Vector Graphic - Fill","hd":false},{"ty":"tr","p":{"a":0,"k":[0,0],"ix":2},"a":{"a":0,"k":[0,0],"ix":1},"s":{"a":0,"k":[100,100],"ix":3},"r":{"a":0,"k":0,"ix":6},"o":{"a":0,"k":100,"ix":7},"sk":{"a":0,"k":0,"ix":4},"sa":{"a":0,"k":0,"ix":5},"nm":"Transform"}],"nm":"square","np":2,"cix":2,"bm":0,"ix":1,"mn":"ADBE Vector Group","hd":false}],"ip":0,"op":182,"st":2,"bm":0}],"markers":[]}